TransDate,Employee,LeaveCode,Unit
12-08-2018,100000004,MC,1
20-05-2019,100000004,AL,1
03-06-2019,100000004,AL,1
07-06-2019,100000004,AL,1
18-06-2019,100000004,AL,1
06-07-2019,100000004,AL,1
12-08-2019,100000004,AL,1
06-05-2019,100000014,AL,1
21-05-2019,100000014,AL,1
04-06-2019,100000014,AL,1
07-06-2019,100000014,AL,1
28-06-2019,100000014,MC,1
02-07-2019,100000014,AL,1
08-07-2019,100000014,AL,1
12-07-2019,100000014,AL,1
13-07-2019,100000014,AL,1
22-07-2019,100000014,AL,1
06-08-2019,100000014,AL,1
12-08-2019,100000014,AL,1
12-08-2019,100000014,UL,1
30-08-2019,100000014,MC,1
18-04-2019,100000033,AL,1
04-05-2019,100000033,AL,1
04-06-2019,100000033,AL,1
05-06-2019,100000033,AL,1
06-06-2019,100000033,AL,1
07-06-2019,100000033,AL,1
09-07-2019,100000033,MC,1
27-07-2019,100000033,AL,1
04-04-2019,100000034,AL,1
05-04-2019,100000034,AL,1
27-04-2019,100000034,AL,1
24-05-2019,100000034,AL,1
04-06-2019,100000034,AL,1
08-06-2019,100000034,AL,1
13-06-2019,100000034,AL,1
24-06-2019,100000034,AL,1
06-07-2019,100000034,AL,1
17-07-2019,100000034,AL,1
19-08-2019,100000034,AL,1
06-09-2019,100000034,AL,1
28-03-2019,100000035,AL,1
04-06-2019,100000035,AL,1
07-06-2019,100000035,AL,1
02-09-2019,100000035,AL,1
03-09-2019,100000035,AL,1
03-06-2019,100000046,AL,1
07-06-2019,100000046,AL,1
06-07-2019,100000046,AL,1
12-08-2019,100000046,AL,1
12-04-2019,100000048,AL,1
27-05-2019,100000048,AL,1
01-06-2019,100000048,AL,1
03-06-2019,100000048,AL,1
04-06-2019,100000048,MC,1
24-06-2019,100000048,MC,1
27-06-2019,100000048,MC,1
01-07-2019,100000048,AL,1
01-07-2019,100000048,UL,1
04-07-2019,100000048,MC,1
08-07-2019,100000048,UL,1
15-07-2019,100000048,MC,1
16-07-2019,100000048,MC,1
19-07-2019,100000048,UL,1
22-07-2019,100000048,MC,1
09-08-2019,100000048,UL,1
12-08-2019,100000048,UL,1
28-08-2019,100000048,HL,1
06-05-2019,100000077,AL,1
27-05-2019,100000077,AL,1
07-06-2019,100000077,AL,1
30-05-2019,100000119,AL,1
03-06-2019,100000119,AL,1
07-06-2019,100000119,AL,1
13-07-2019,100000119,UL,1
24-07-2019,100000119,UL,1
10-08-2019,100000119,UL,1
21-08-2019,100000119,UL,1
27-08-2019,100000119,MC,1
28-08-2019,100000119,MC,1
29-08-2019,100000119,MC,1
04-06-2019,100000129,AL,1
07-06-2019,100000129,AL,1
11-06-2019,100000129,AL,1
12-06-2019,100000129,AL,1
12-08-2019,100000129,AL,1
20-08-2019,100000129,MC,1
21-08-2019,100000129,MC,1
23-08-2019,100000129,MC,1
03-06-2019,100000146,AL,1
07-06-2019,100000146,AL,1
12-08-2019,100000146,AL,1
16-05-2019,100000154,AL,1
04-06-2019,100000154,AL,1
07-06-2019,100000154,AL,1
10-06-2019,100000154,AL,1
25-06-2019,100000154,AL,1
05-09-2019,100000154,AL,1
06-05-2019,100000196,AL,1
04-06-2019,100000196,AL,1
07-06-2019,100000196,AL,1
14-06-2019,100000196,MC,1
15-06-2019,100000196,AL,1
27-06-2019,100000196,MC,1
13-07-2019,100000196,AL,1
19-07-2019,100000196,AL,1
19-08-2019,100000196,MC,1
20-08-2019,100000196,AL,1
26-04-2019,100000336,AL,1
21-05-2019,100000336,AL,1
03-06-2019,100000336,AL,1
04-06-2019,100000336,AL,1
05-06-2019,100000336,AL,1
06-06-2019,100000336,AL,1
07-06-2019,100000336,AL,1
12-08-2019,100000336,AL,1
15-04-2019,100000360,AL,1
16-04-2019,100000360,AL,1
03-06-2019,100000360,UL,1
04-06-2019,100000360,AL,1
07-06-2019,100000360,AL,1
15-06-2019,100000360,UL,1
29-06-2019,100000360,MC,1
13-07-2019,100000360,UL,1
10-08-2019,100000360,UL,1
12-08-2019,100000360,UL,1
06-05-2019,100000438,AL,1
30-05-2019,100000438,MC,1
03-06-2019,100000438,AL,1
07-06-2019,100000438,AL,1
22-06-2019,100000438,AL,1
24-07-2019,100000438,AL,1
28-08-2019,100000438,AL,1
04-06-2019,100000531,AL,1
07-06-2019,100000531,AL,1
04-06-2019,100000554,AL,1
05-06-2019,100000554,AL,1
06-06-2019,100000554,AL,1
07-06-2019,100000554,AL,1
03-07-2019,100000554,UL,1
08-07-2019,100000554,AL,1
09-07-2019,100000554,AL,1
10-07-2019,100000554,AL,1
11-07-2019,100000554,AL,1
13-07-2019,100000554,UL,1
14-07-2019,100000554,UL,1
15-07-2019,100000554,UL,1
16-07-2019,100000554,UL,1
17-07-2019,100000554,UL,1
18-07-2019,100000554,UL,1
19-07-2019,100000554,UL,1
20-07-2019,100000554,UL,1
21-07-2019,100000554,UL,1
22-07-2019,100000554,UL,1
23-07-2019,100000554,UL,1
24-07-2019,100000554,UL,1
25-07-2019,100000554,UL,1
26-07-2019,100000554,UL,1
12-08-2019,100000554,UL,1
27-04-2019,100000681,AL,1
22-05-2019,100000681,AL,1
04-06-2019,100000681,UL,1
05-06-2019,100000681,UL,1
06-06-2019,100000681,UL,1
15-06-2019,100000681,AL,1
03-08-2019,100000681,UL,1
10-08-2019,100000681,AL,1
12-08-2019,100000681,AL,1
27-05-2019,100000738,AL,1
29-05-2019,100000738,MC,1
04-06-2019,100000738,AL,1
05-06-2019,100000738,AL,1
06-06-2019,100000738,AL,1
07-06-2019,100000738,AL,1
08-07-2019,100000738,AL,1
25-07-2019,100000738,AL,1
26-07-2019,100000738,AL,1
12-08-2019,100000738,AL,1
18-05-2019,100000776,AL,1
03-06-2019,100000776,AL,1
07-06-2019,100000776,AL,1
15-06-2019,100000776,AL,1
12-08-2019,100000776,AL,1
03-05-2019,100000796,AL,1
20-05-2019,100000796,MC,1
21-05-2019,100000796,AL,1
17-06-2019,100000796,AL,1
21-08-2019,100000796,AL,1
03-06-2019,100000808,AL,1
07-06-2019,100000808,AL,1
12-08-2019,100000808,AL,1
23-08-2019,100000808,AL,1
13-04-2019,100000877,AL,1
15-04-2019,100000877,AL,1
15-05-2019,100000877,MC,1
25-05-2019,100000877,AL,1
01-06-2019,100000877,AL,1
03-06-2019,100000877,AL,1
04-06-2019,100000877,AL,1
05-06-2019,100000877,AL,1
06-06-2019,100000877,AL,1
07-06-2019,100000877,AL,1
13-06-2019,100000877,MC,1
20-06-2019,100000877,AL,1
27-06-2019,100000877,MC,1
08-07-2019,100000877,AL,1
20-07-2019,100000877,AL,1
24-07-2019,100000877,AL,1
24-07-2019,100000877,UL,1
01-08-2019,100000877,MC,1
03-08-2019,100000877,UL,1
24-04-2019,100000922,AL,1
25-04-2019,100000922,AL,1
17-05-2019,100000922,AL,1
28-05-2019,100000922,AL,1
07-06-2019,100000922,AL,1
27-06-2019,100000922,AL,1
15-08-2019,100000922,AL,1
03-06-2019,100000960,AL,1
07-06-2019,100000960,AL,1
02-08-2019,100000960,AL,1
12-08-2019,100000960,AL,1
13-05-2019,100000981,AL,1
20-05-2019,100000981,AL,1
29-05-2019,100000981,AL,1
14-06-2019,100000981,AL,1
19-06-2019,100000981,AL,1
11-07-2019,100000981,AL,1
12-07-2019,100000981,AL,1
06-08-2019,100000981,MC,1
15-08-2019,100000981,AL,1
22-08-2019,100000981,MC,1
06-05-2019,100001065,AL,1
13-05-2019,100001065,AL,1
29-05-2019,100001065,AL,1
30-05-2019,100001065,AL,1
22-07-2019,100001065,AL,1
31-07-2019,100001065,AL,1
09-08-2019,100001065,AL,1
04-09-2019,100001065,MC,1
26-04-2019,100001080,AL,1
29-04-2019,100001080,AL,1
08-05-2019,100001080,AL,1
10-06-2019,100001080,T,1
19-06-2019,100001080,MC,1
20-06-2019,100001080,AL,1
01-07-2019,100001080,MC,1
11-07-2019,100001080,AL,1
17-07-2019,100001080,AL,1
22-07-2019,100001080,AL,1
30-07-2019,100001080,MC,1
31-07-2019,100001080,MC,1
01-08-2019,100001080,AL,1
21-08-2019,100001080,AL,1
23-08-2019,100001080,UL,1
04-06-2019,100001112,AL,1
05-06-2019,100001112,AL,1
06-06-2019,100001112,AL,1
07-06-2019,100001112,AL,1
12-08-2019,100001112,AL,1
03-09-2019,100001112,AL,1
30-04-2019,100001115,AL,1
04-06-2019,100001115,UL,1
07-06-2019,100001115,UL,1
08-06-2019,100001115,UL,1
10-06-2019,100001115,AL,1
11-06-2019,100001115,AL,1
13-06-2019,100001115,UL,1
29-06-2019,100001115,UL,1
25-07-2019,100001115,UL,1
02-09-2019,100001115,UL,1
03-06-2019,100001128,AL,1
07-06-2019,100001128,AL,1
20-07-2019,100001128,MC,1
24-07-2019,100001128,AL,1
14-06-2019,100001141,AL,1
02-08-2019,100001141,AL,1
30-08-2019,100001141,AL,1
08-05-2019,100001154,AL,1
09-08-2019,100001154,AL,1
30-08-2019,100001154,AL,1
22-05-2019,100001160,AL,1
07-06-2019,100001160,AL,1
11-06-2019,100001160,AL,1
24-06-2019,100001160,MC,1
26-06-2019,100001160,MC,1
27-06-2019,100001160,AL,1
18-07-2019,100001160,AL,1
24-07-2019,100001160,MC,1
26-07-2019,100001160,MC,1
16-08-2019,100001160,AL,1
01-04-2019,100001173,AL,1
15-05-2019,100001173,AL,1
10-06-2019,100001173,AL,1
15-06-2019,100001173,MC,1
19-07-2019,100001173,T,1
23-07-2019,100001173,MC,1
30-07-2019,100001173,MC,1
31-07-2019,100001173,MC,1
01-08-2019,100001173,MC,1
25-04-2019,100001175,AL,1
02-05-2019,100001175,AL,1
16-05-2019,100001175,AL,1
18-05-2019,100001175,AL,1
27-05-2019,100001175,MC,1
17-06-2019,100001175,MC,1
20-06-2019,100001175,AL,1
27-06-2019,100001175,MC,1
04-07-2019,100001175,AL,1
15-07-2019,100001175,AL,1
23-07-2019,100001175,UL,1
31-07-2019,100001175,MC,1
05-08-2019,100001175,UL,1
19-08-2019,100001175,MC,1
22-08-2019,100001175,MC,1
23-08-2019,100001175,MC,1
18-04-2019,100001185,AL,1
25-04-2019,100001185,MC,1
26-04-2019,100001185,MC,1
27-04-2019,100001185,MC,1
28-04-2019,100001185,MC,1
29-04-2019,100001185,MC,1
30-04-2019,100001185,MC,1
01-05-2019,100001185,MC,1
02-05-2019,100001185,MC,1
03-05-2019,100001185,MC,1
04-05-2019,100001185,MC,1
05-05-2019,100001185,MC,1
06-05-2019,100001185,MC,1
07-05-2019,100001185,MC,1
09-05-2019,100001185,MC,1
10-05-2019,100001185,MC,1
11-05-2019,100001185,MC,1
12-05-2019,100001185,MC,1
13-05-2019,100001185,MC,1
14-05-2019,100001185,MC,1
15-05-2019,100001185,MC,1
17-05-2019,100001185,AL,1
21-05-2019,100001185,AL,1
22-05-2019,100001185,AL,1
23-05-2019,100001185,AL,1
24-05-2019,100001185,AL,1
25-05-2019,100001185,AL,1
26-05-2019,100001185,AL,1
27-05-2019,100001185,AL,1
28-05-2019,100001185,AL,1
30-05-2019,100001185,UL,1
31-05-2019,100001185,UL,1
01-06-2019,100001185,UL,1
02-06-2019,100001185,UL,1
03-06-2019,100001185,UL,1
04-06-2019,100001185,UL,1
05-06-2019,100001185,UL,1
06-06-2019,100001185,UL,1
07-06-2019,100001185,UL,1
04-07-2019,100001185,UL,1
22-07-2019,100001185,UL,1
23-07-2019,100001185,UL,1
24-07-2019,100001185,UL,1
25-07-2019,100001185,UL,1
26-07-2019,100001185,UL,1
27-07-2019,100001185,UL,1
28-07-2019,100001185,UL,1
29-07-2019,100001185,UL,1
30-07-2019,100001185,UL,1
31-07-2019,100001185,UL,1
01-08-2019,100001185,UL,1
02-08-2019,100001185,UL,1
03-08-2019,100001185,UL,1
04-08-2019,100001185,UL,1
05-08-2019,100001185,UL,1
06-08-2019,100001185,UL,1
07-08-2019,100001185,UL,1
08-08-2019,100001185,UL,1
09-08-2019,100001185,UL,1
10-08-2019,100001185,UL,1
11-08-2019,100001185,UL,1
12-08-2019,100001185,UL,1
13-08-2019,100001185,UL,1
15-08-2019,100001185,UL,1
16-08-2019,100001185,UL,1
22-04-2019,100001186,UL,1
04-06-2019,100001186,AL,1
07-06-2019,100001186,AL,1
14-06-2019,100001186,MC,1
17-06-2019,100001186,MC,1
18-06-2019,100001186,AL,1
19-06-2019,100001186,UL,1
21-06-2019,100001186,AL,1
14-05-2019,100001210,AL,1
04-06-2019,100001210,AL,1
07-06-2019,100001210,AL,1
26-06-2019,100001210,AL,1
12-08-2019,100001210,AL,1
03-09-2019,100001210,AL,1
30-04-2019,100001220,AL,1
02-05-2019,100001220,AL,1
08-05-2019,100001220,AL,1
03-06-2019,100001220,MC,1
11-07-2019,100001220,MC,1
01-08-2019,100001220,AL,1
15-08-2019,100001220,AL,1
02-09-2019,100001220,MC,1
10-09-2019,100001220,MC,1
04-05-2019,100001234,AL,1
04-07-2019,100001234,AL,1
05-09-2019,100001234,AL,1
08-05-2019,100001243,AL,1
13-05-2019,100001243,AL,1
20-05-2019,100001243,AL,1
28-05-2019,100001243,MC,1
17-06-2019,100001243,AL,1
03-07-2019,100001243,MC,1
11-07-2019,100001243,AL,1
19-07-2019,100001243,AL,1
16-08-2019,100001243,AL,1
19-08-2019,100001243,AL,1
22-08-2019,100001243,AL,1
25-04-2019,100001248,AL,1
02-05-2019,100001248,AL,1
06-05-2019,100001248,AL,1
15-05-2019,100001248,AL,1
30-05-2019,100001248,MC,1
01-06-2019,100001248,MC,1
24-06-2019,100001248,AL,1
26-06-2019,100001248,AL,1
27-07-2019,100001248,UL,1
01-08-2019,100001248,UL,1
02-08-2019,100001248,UL,1
03-08-2019,100001248,MC,1
20-08-2019,100001248,UL,1
02-09-2019,100001248,UL,1
03-09-2019,100001248,UL,1
24-06-2019,100001250,MC,1
24-04-2019,100001252,AL,1
25-04-2019,100001252,AL,1
04-07-2019,100001252,AL,1
26-08-2019,100001252,AL,1
04-06-2019,100001257,AL,1
05-08-2019,100001257,AL,1
26-04-2019,100001258,AL,1
27-04-2019,100001258,AL,1
27-04-2019,100001258,UL,1
08-05-2019,100001258,UL,1
14-05-2019,100001258,UL,1
21-05-2019,100001258,UL,1
27-05-2019,100001258,UL,1
28-05-2019,100001258,UL,1
31-05-2019,100001258,UL,1
03-06-2019,100001258,MC,1
25-06-2019,100001258,UL,1
27-06-2019,100001258,UL,1
08-07-2019,100001258,UL,1
11-07-2019,100001258,UL,1
13-07-2019,100001258,MC,1
15-07-2019,100001258,MC,1
26-07-2019,100001258,UL,1
31-07-2019,100001258,UL,1
15-08-2019,100001258,UL,1
21-08-2019,100001258,UL,1
30-04-2019,100001263,AL,1
04-06-2019,100001263,AL,1
07-06-2019,100001263,AL,1
11-06-2019,100001263,MC,1
13-06-2019,100001263,AL,1
18-06-2019,100001263,AL,1
25-06-2019,100001263,AL,1
09-08-2019,100001263,MC,1
03-06-2019,100001264,AL,1
07-06-2019,100001264,AL,1
10-06-2019,100001264,AL,1
21-06-2019,100001264,AL,1
24-06-2019,100001264,MC,1
22-07-2019,100001264,AL,1
22-07-2019,100001264,UL,1
06-08-2019,100001264,UL,1
08-08-2019,100001264,UL,1
09-08-2019,100001264,UL,1
19-08-2019,100001264,UL,1
20-08-2019,100001264,UL,1
02-09-2019,100001264,UL,1
03-09-2019,100001264,UL,1
04-09-2019,100001264,UL,1
03-04-2019,100001269,AL,1
09-05-2019,100001269,AL,1
21-05-2019,100001269,AL,1
13-07-2019,100001269,AL,1
18-07-2019,100001269,AL,1
26-08-2019,100001269,AL,1
27-08-2019,100001269,AL,1
29-08-2019,100001269,UL,1
30-08-2019,100001269,UL,1
30-08-2019,100001269,AL,1
29-04-2019,100001279,AL,1
10-05-2019,100001279,AL,1
13-05-2019,100001279,AL,1
14-05-2019,100001279,UL,1
15-05-2019,100001279,UL,1
16-05-2019,100001279,UL,1
17-05-2019,100001279,UL,1
27-05-2019,100001279,UL,1
28-05-2019,100001279,UL,1
29-05-2019,100001279,UL,1
30-05-2019,100001279,UL,1
31-05-2019,100001279,UL,1
01-06-2019,100001279,UL,1
02-06-2019,100001279,UL,1
03-06-2019,100001279,UL,1
07-06-2019,100001279,UL,1
08-06-2019,100001279,UL,1
09-06-2019,100001279,UL,1
24-06-2019,100001279,UL,1
08-07-2019,100001279,UL,1
19-07-2019,100001279,UL,1
30-07-2019,100001279,UL,1
02-08-2019,100001279,UL,1
10-08-2019,100001279,MC,1
12-08-2019,100001279,UL,1
19-08-2019,100001279,MC,1
04-06-2019,100001288,AL,1
05-06-2019,100001288,AL,1
06-06-2019,100001288,AL,1
07-06-2019,100001288,AL,1
05-07-2019,100001288,AL,1
12-08-2019,100001288,AL,1
04-05-2019,100001293,AL,1
04-06-2019,100001293,AL,1
05-06-2019,100001293,AL,1
06-06-2019,100001293,AL,1
07-06-2019,100001293,AL,1
24-06-2019,100001293,AL,1
08-07-2019,100001293,AL,1
12-08-2019,100001293,AL,1
13-08-2019,100001293,MC,1
27-04-2019,100001298,AL,1
21-05-2019,100001298,AL,1
25-05-2019,100001298,AL,1
24-06-2019,100001298,AL,1
02-07-2019,100001298,AL,1
20-07-2019,100001298,MC,1
07-08-2019,100001298,AL,1
13-08-2019,100001298,AL,1
30-08-2019,100001298,AL,1
07-05-2019,100001301,AL,1
04-06-2019,100001301,AL,1
05-06-2019,100001301,AL,1
06-06-2019,100001301,AL,1
07-06-2019,100001301,AL,1
09-08-2019,100001301,AL,1
10-08-2019,100001301,MC,1
12-08-2019,100001301,AL,1
25-04-2019,100001308,AL,1
16-05-2019,100001308,AL,1
31-07-2019,100001308,AL,1
02-09-2019,100001308,AL,1
27-06-2019,100001309,AL,1
03-06-2019,100001311,AL,1
07-06-2019,100001311,AL,1
25-06-2019,100001311,AL,1
27-06-2019,100001311,AL,1
29-06-2019,100001311,G,0.5
01-07-2019,100001311,G,0.5
30-04-2019,100001318,UL,1
01-05-2019,100001318,UL,1
02-05-2019,100001318,UL,1
25-05-2019,100001318,UL,1
30-05-2019,100001318,UL,1
11-06-2019,100001318,UL,1
13-06-2019,100001318,UL,1
18-06-2019,100001318,UL,1
22-06-2019,100001318,UL,1
29-06-2019,100001318,UL,1
08-07-2019,100001318,UL,1
09-07-2019,100001318,UL,1
10-07-2019,100001318,UL,1
11-07-2019,100001318,UL,1
12-07-2019,100001318,UL,1
13-07-2019,100001318,UL,1
14-07-2019,100001318,UL,1
15-07-2019,100001318,UL,1
16-07-2019,100001318,UL,1
17-07-2019,100001318,UL,1
25-07-2019,100001318,UL,1
26-07-2019,100001318,UL,1
02-08-2019,100001318,UL,1
05-08-2019,100001318,MC,1
18-05-2019,100001322,AL,1
25-06-2019,100001322,AL,1
01-07-2019,100001322,AL,1
04-05-2019,100001335,AL,1
11-05-2019,100001335,AL,1
07-06-2019,100001335,AL,1
08-06-2019,100001335,G,0.5
12-06-2019,100001335,AL,1
17-06-2019,100001335,AL,1
20-06-2019,100001335,AL,1
13-07-2019,100001335,AL,1
15-07-2019,100001335,AL,1
19-07-2019,100001335,MC,1
26-07-2019,100001335,AL,1
02-08-2019,100001335,AL,1
19-08-2019,100001335,UL,1
20-08-2019,100001335,UL,1
24-08-2019,100001335,MC,1
26-08-2019,100001335,MC,1
27-08-2019,100001335,UL,1
10-05-2019,100001338,AL,1
20-05-2019,100001338,AL,1
27-05-2019,100001338,AL,1
31-05-2019,100001338,AL,1
03-06-2019,100001338,MC,1
07-06-2019,100001338,MC,1
08-06-2019,100001338,MC,1
14-06-2019,100001338,UL,1
18-06-2019,100001338,UL,1
28-06-2019,100001338,UL,1
04-07-2019,100001338,UL,1
09-07-2019,100001338,G,0.5
11-07-2019,100001338,UL,1
12-07-2019,100001338,UL,1
13-07-2019,100001338,UL,1
14-07-2019,100001338,UL,1
15-07-2019,100001338,UL,1
16-07-2019,100001338,UL,1
17-07-2019,100001338,UL,1
23-07-2019,100001338,MC,1
25-07-2019,100001338,UL,1
06-08-2019,100001338,UL,1
13-08-2019,100001338,MC,1
14-08-2019,100001338,MC,1
20-08-2019,100001338,UL,1
29-08-2019,100001338,UL,1
30-03-2019,100001347,AL,1
27-04-2019,100001347,AL,1
07-06-2019,100001347,AL,1
10-06-2019,100001347,AL,1
25-06-2019,100001347,AL,1
29-06-2019,100001347,MC,1
10-07-2019,100001347,MC,1
20-07-2019,100001347,T,1
21-07-2019,100001347,T,1
23-07-2019,100001347,AL,1
26-07-2019,100001347,AL,1
06-05-2019,100001375,AL,1
30-05-2019,100001375,UL,1
31-05-2019,100001375,AL,1
01-06-2019,100001375,UL,1
12-06-2019,100001375,UL,1
14-06-2019,100001375,UL,1
19-06-2019,100001375,MC,1
19-07-2019,100001375,UL,1
08-08-2019,100001375,MC,1
30-03-2019,100001389,AL,1
08-04-2019,100001389,AL,1
03-06-2019,100001389,AL,1
07-06-2019,100001389,AL,1
27-06-2019,100001389,AL,1
29-06-2019,100001389,UL,1
05-07-2019,100001389,T,1
12-08-2019,100001389,UL,1
14-08-2019,100001389,MC,1
16-08-2019,100001389,UL,1
30-04-2019,100001404,AL,1
11-06-2019,100001404,MC,1
25-06-2019,100001404,AL,1
15-07-2019,100001404,AL,1
02-09-2019,100001404,AL,1
09-05-2019,100001405,AL,1
18-05-2019,100001405,AL,1
08-08-2019,100001405,AL,1
14-08-2019,100001405,MC,1
02-09-2019,100001405,AL,1
20-05-2019,100001407,AL,1
23-05-2019,100001407,AL,1
27-05-2019,100001407,AL,1
26-06-2019,100001407,UL,1
31-07-2019,100001407,UL,1
07-05-2019,100001415,AL,1
31-05-2019,100001415,AL,1
13-06-2019,100001415,AL,1
14-06-2019,100001415,AL,1
27-06-2019,100001415,AL,1
01-07-2019,100001415,AL,1
08-07-2019,100001415,AL,1
08-07-2019,100001415,UL,1
11-07-2019,100001415,UL,1
15-07-2019,100001415,MC,1
16-07-2019,100001415,UL,1
17-07-2019,100001415,UL,1
18-07-2019,100001415,UL,1
19-07-2019,100001415,UL,1
20-07-2019,100001415,UL,1
21-07-2019,100001415,UL,1
22-07-2019,100001415,UL,1
23-07-2019,100001415,UL,1
25-07-2019,100001415,UL,1
26-07-2019,100001415,UL,1
27-07-2019,100001415,UL,1
28-07-2019,100001415,UL,1
29-07-2019,100001415,UL,1
30-07-2019,100001415,UL,1
31-07-2019,100001415,UL,1
01-08-2019,100001415,UL,1
02-08-2019,100001415,UL,1
03-08-2019,100001415,UL,1
04-08-2019,100001415,UL,1
05-08-2019,100001415,UL,1
06-08-2019,100001415,UL,1
07-08-2019,100001415,UL,1
08-08-2019,100001415,UL,1
09-08-2019,100001415,UL,1
10-08-2019,100001415,UL,1
11-08-2019,100001415,UL,1
12-08-2019,100001415,UL,1
13-08-2019,100001415,UL,1
14-08-2019,100001415,UL,1
15-08-2019,100001415,UL,1
16-08-2019,100001415,UL,1
17-08-2019,100001415,UL,1
18-08-2019,100001415,UL,1
19-08-2019,100001415,UL,1
20-08-2019,100001415,UL,1
21-08-2019,100001415,UL,1
22-08-2019,100001415,UL,1
23-08-2019,100001415,UL,1
07-06-2019,100001419,AL,1
15-06-2019,100001419,AL,1
17-06-2019,100001423,MC,1
19-06-2019,100001423,AL,1
19-07-2019,100001423,AL,1
08-08-2019,100001423,AL,1
04-05-2019,100001429,AL,1
29-05-2019,100001429,MC,1
04-06-2019,100001429,AL,1
07-06-2019,100001429,AL,1
26-08-2019,100001429,MC,1
13-06-2019,100001431,AL,1
20-06-2019,100001431,AL,1
22-06-2019,100001431,AL,1
31-07-2019,100001431,AL,1
08-08-2019,100001431,MC,1
09-08-2019,100001431,AL,1
20-05-2019,100001432,AL,1
30-05-2019,100001440,MC,1
31-05-2019,100001440,MC,1
04-06-2019,100001440,UL,1
10-06-2019,100001440,UL,1
18-06-2019,100001440,UL,1
24-06-2019,100001440,UL,1
27-06-2019,100001440,UL,1
01-07-2019,100001440,MC,1
09-07-2019,100001440,UL,1
10-07-2019,100001440,UL,1
12-07-2019,100001440,UL,1
16-07-2019,100001440,UL,1
17-07-2019,100001440,UL,1
24-07-2019,100001440,UL,1
26-07-2019,100001440,MC,1
31-07-2019,100001440,UL,1
01-08-2019,100001440,UL,1
06-08-2019,100001440,UL,1
07-08-2019,100001440,UL,1
14-08-2019,100001440,MC,1
15-08-2019,100001440,MC,1
16-08-2019,100001440,MC,1
02-09-2019,100001440,MC,1
04-06-2019,100001442,AL,1
05-06-2019,100001442,AL,1
06-06-2019,100001442,AL,1
08-06-2019,100001442,UL,1
28-06-2019,100001442,UL,1
04-07-2019,100001442,MC,1
06-08-2019,100001442,UL,1
03-06-2019,100001446,UL,1
04-06-2019,100001446,UL,1
12-06-2019,100001446,UL,1
13-06-2019,100001446,UL,1
25-06-2019,100001446,UL,1
02-07-2019,100001446,UL,1
03-07-2019,100001446,UL,1
04-07-2019,100001446,UL,1
05-07-2019,100001446,UL,1
06-07-2019,100001446,UL,1
07-07-2019,100001446,UL,1
08-07-2019,100001446,UL,1
09-07-2019,100001446,UL,1
10-07-2019,100001446,UL,1
11-07-2019,100001446,UL,1
12-07-2019,100001446,UL,1
31-07-2019,100001446,MC,1
09-08-2019,100001446,UL,1
05-09-2019,100001446,UL,1
26-07-2019,100001449,AL,1
03-06-2019,100001461,AL,1
07-06-2019,100001461,AL,1
28-06-2019,100001461,MC,1
12-08-2019,100001461,AL,1
16-05-2019,100001462,AL,1
07-06-2019,100001462,AL,1
22-06-2019,100001462,AL,1
25-06-2019,100001462,MC,1
28-06-2019,100001462,MC,1
19-04-2019,100001480,AL,1
02-05-2019,100001480,AL,1
07-05-2019,100001480,AL,1
03-06-2019,100001480,AL,1
11-06-2019,100001480,AL,1
01-08-2019,100001480,MC,1
02-09-2019,100001480,UL,1
05-09-2019,100001480,UL,1
13-05-2019,100001491,AL,1
09-08-2019,100001491,AL,1
07-05-2019,100001494,MC,1
18-05-2019,100001494,AL,1
04-06-2019,100001494,AL,1
10-06-2019,100001494,AL,1
14-06-2019,100001494,AL,1
17-06-2019,100001494,MC,1
25-06-2019,100001494,UL,1
13-07-2019,100001494,UL,1
15-07-2019,100001494,UL,1
24-07-2019,100001494,MC,1
26-08-2019,100001494,UL,1
02-09-2019,100001494,UL,1
30-05-2019,100001499,AL,1
02-07-2019,100001499,UL,1
31-07-2019,100001499,MC,1
07-08-2019,100001499,UL,1
02-09-2019,100001499,MC,1
03-05-2019,100001502,AL,1
29-08-2019,100001502,MC,1
18-05-2019,100001507,AL,1
26-06-2019,100001507,AL,1
28-05-2019,100001509,AL,1
03-06-2019,100001509,AL,1
05-07-2019,100001509,AL,1
06-07-2019,100001509,AL,1
07-07-2019,100001509,AL,1
08-07-2019,100001509,AL,1
09-07-2019,100001509,AL,1
10-07-2019,100001509,AL,1
01-06-2019,100001520,AL,1
08-06-2019,100001520,AL,1
12-06-2019,100001520,G,0.5
20-06-2019,100001520,AL,1
21-06-2019,100001520,UL,1
03-08-2019,100001520,UL,1
16-08-2019,100001520,UL,1
29-04-2019,100001522,UL,1
07-05-2019,100001522,UL,1
11-05-2019,100001522,UL,1
18-05-2019,100001522,UL,1
23-05-2019,100001522,UL,1
31-05-2019,100001522,UL,1
14-06-2019,100001522,UL,1
17-06-2019,100001522,UL,1
28-06-2019,100001522,MC,1
08-07-2019,100001522,UL,1
10-07-2019,100001522,UL,1
22-07-2019,100001522,UL,1
31-07-2019,100001522,UL,1
06-08-2019,100001522,UL,1
07-08-2019,100001522,UL,1
09-08-2019,100001522,UL,1
12-08-2019,100001522,UL,1
22-08-2019,100001522,UL,1
02-09-2019,100001522,MC,1
03-09-2019,100001522,MC,1
24-06-2019,100001527,MC,1
12-07-2019,100001527,AL,1
15-07-2019,100001527,AL,1
22-07-2019,100001527,MC,1
03-08-2019,100001527,AL,1
09-08-2019,100001527,AL,1
04-06-2019,100001530,AL,1
05-06-2019,100001530,AL,1
06-06-2019,100001530,AL,1
07-06-2019,100001530,AL,1
24-06-2019,100001530,AL,1
01-07-2019,100001530,MC,1
12-08-2019,100001530,AL,1
27-08-2019,100001530,AL,1
27-08-2019,100001530,UL,1
10-06-2019,100001543,AL,1
12-07-2019,100001543,AL,1
29-08-2019,100001543,AL,1
30-04-2019,100001547,AL,1
04-07-2019,100001547,MC,1
11-07-2019,100001547,AL,1
27-07-2019,100001547,AL,1
15-08-2019,100001547,AL,1
17-08-2019,100001547,MC,1
26-08-2019,100001547,MC,1
20-05-2019,100001548,AL,1
07-06-2019,100001548,AL,1
08-07-2019,100001548,AL,1
24-07-2019,100001548,R,1
25-07-2019,100001548,MC,1
14-05-2019,100001556,AL,1
03-06-2019,100001556,AL,1
07-06-2019,100001556,AL,1
10-06-2019,100001556,AL,1
12-06-2019,100001556,UL,1
13-06-2019,100001556,UL,1
28-06-2019,100001556,MC,1
10-07-2019,100001556,UL,1
24-07-2019,100001556,R,1
15-04-2019,100001561,AL,1
17-04-2019,100001561,AL,1
23-05-2019,100001561,AL,1
29-05-2019,100001561,MC,1
03-06-2019,100001561,AL,1
07-06-2019,100001561,UL,1
15-06-2019,100001561,UL,1
20-06-2019,100001561,MC,1
03-07-2019,100001561,UL,1
04-07-2019,100001561,MC,1
02-08-2019,100001561,UL,1
08-08-2019,100001561,MC,1
12-08-2019,100001561,UL,1
06-05-2019,100001566,AL,1
07-05-2019,100001566,AL,1
13-05-2019,100001566,MC,1
14-05-2019,100001566,UL,1
04-06-2019,100001566,UL,1
07-06-2019,100001566,UL,1
15-07-2019,100001566,UL,1
27-07-2019,100001566,UL,1
03-08-2019,100001566,UL,1
23-04-2019,100001572,AL,1
06-07-2019,100001572,AL,1
07-08-2019,100001572,AL,1
08-08-2019,100001572,AL,1
09-08-2019,100001572,AL,1
17-08-2019,100001572,MC,1
24-08-2019,100001572,AL,1
29-04-2019,100001587,UL,1
04-05-2019,100001587,UL,1
08-05-2019,100001587,UL,1
27-05-2019,100001587,UL,1
31-05-2019,100001587,UL,1
14-06-2019,100001587,UL,1
17-06-2019,100001587,MC,1
18-06-2019,100001587,MC,1
24-06-2019,100001587,UL,1
27-06-2019,100001587,UL,1
01-07-2019,100001587,MC,1
08-07-2019,100001587,UL,1
12-07-2019,100001587,UL,1
18-05-2019,100001588,UL,1
20-05-2019,100001588,UL,1
30-05-2019,100001588,UL,1
31-05-2019,100001588,MC,1
13-06-2019,100001588,UL,1
17-06-2019,100001588,UL,1
01-07-2019,100001588,MC,1
25-07-2019,100001588,MC,1
26-07-2019,100001588,UL,1
31-07-2019,100001588,UL,1
14-08-2019,100001588,MC,1
26-08-2019,100001588,UL,1
24-05-2019,100001594,AL,1
03-06-2019,100001594,AL,1
07-06-2019,100001594,AL,1
10-06-2019,100001594,G,0.5
21-06-2019,100001594,MC,1
06-07-2019,100001594,UL,1
04-06-2019,100001599,AL,1
07-06-2019,100001599,AL,1
15-06-2019,100001599,AL,1
14-06-2019,100001609,MC,1
01-07-2019,100001609,UL,1
16-07-2019,100001609,UL,1
02-09-2019,100001609,UL,1
11-05-2019,100001613,AL,1
06-07-2019,100001613,AL,1
11-07-2019,100001613,AL,1
03-06-2019,100001618,AL,1
07-06-2019,100001618,AL,1
06-07-2019,100001618,UL,1
05-08-2019,100001618,MC,1
17-08-2019,100001618,UL,1
17-04-2019,100001619,AL,1
03-06-2019,100001619,AL,1
07-06-2019,100001619,UL,1
09-07-2019,100001619,MC,1
15-08-2019,100001619,G,0.5
17-08-2019,100001619,UL,1
19-08-2019,100001619,UL,1
12-04-2019,100001621,AL,1
16-04-2019,100001621,AL,1
07-05-2019,100001621,AL,1
22-06-2019,100001621,UL,1
24-06-2019,100001621,UL,1
28-06-2019,100001621,MC,1
01-07-2019,100001621,UL,1
13-07-2019,100001621,UL,1
01-08-2019,100001621,UL,1
05-08-2019,100001621,UL,1
06-08-2019,100001621,MC,1
26-08-2019,100001621,UL,1
26-04-2019,100001623,AL,1
04-06-2019,100001623,AL,1
07-06-2019,100001623,AL,1
09-07-2019,100001623,AL,1
22-07-2019,100001623,AL,1
12-08-2019,100001623,AL,1
28-08-2019,100001623,UL,1
04-06-2019,100001629,AL,1
07-06-2019,100001629,AL,1
30-05-2019,100001632,UL,1
07-06-2019,100001632,UL,1
12-08-2019,100001632,UL,1
04-06-2019,100001635,AL,1
07-06-2019,100001635,AL,1
04-06-2019,100001641,AL,1
07-06-2019,100001641,AL,1
08-08-2019,100001641,AL,1
08-08-2019,100001641,UL,1
12-08-2019,100001641,MC,1
14-08-2019,100001641,MC,1
27-08-2019,100001641,MC,1
17-04-2019,100001643,AL,1
27-04-2019,100001643,AL,1
07-06-2019,100001643,AL,1
16-07-2019,100001643,UL,1
03-08-2019,100001643,UL,1
01-06-2019,100001644,MC,1
03-06-2019,100001644,AL,1
07-06-2019,100001644,AL,1
15-06-2019,100001644,UL,1
03-06-2019,100001648,AL,1
07-06-2019,100001648,AL,1
12-06-2019,100001648,AL,1
12-08-2019,100001648,UL,1
13-08-2019,100001648,UL,1
22-05-2019,100001652,AL,1
04-06-2019,100001656,AL,1
07-06-2019,100001656,AL,1
13-05-2019,100001659,AL,1
04-06-2019,100001659,AL,1
13-06-2019,100001659,AL,1
08-07-2019,100001659,AL,1
19-07-2019,100001659,MC,1
26-08-2019,100001659,R,1
06-09-2019,100001659,UL,1
08-04-2019,100001660,AL,1
09-04-2019,100001660,AL,1
10-04-2019,100001660,AL,1
11-04-2019,100001660,AL,1
04-06-2019,100001660,AL,1
05-06-2019,100001660,AL,1
06-06-2019,100001660,AL,1
21-06-2019,100001660,UL,1
12-08-2019,100001660,R,1
13-08-2019,100001660,UL,1
03-06-2019,100001666,UL,1
07-06-2019,100001666,UL,1
03-08-2019,100001666,UL,1
18-05-2019,100001667,AL,1
03-06-2019,100001667,AL,1
04-06-2019,100001667,UL,1
07-06-2019,100001667,UL,1
04-07-2019,100001667,UL,1
03-08-2019,100001667,UL,1
10-04-2019,100001672,UL,1
23-04-2019,100001672,UL,1
07-06-2019,100001672,UL,1
02-07-2019,100001672,UL,1
17-07-2019,100001672,UL,1
23-07-2019,100001672,UL,1
27-07-2019,100001672,UL,1
31-07-2019,100001672,UL,1
27-05-2019,100001701,MC,1
30-05-2019,100001701,AL,1
07-06-2019,100001701,AL,1
12-08-2019,100001701,UL,1
03-06-2019,100001711,AL,1
14-06-2019,100001711,AL,1
09-07-2019,100001711,AL,1
26-07-2019,100001711,AL,1
02-08-2019,100001711,MC,1
13-08-2019,100001711,MC,1
19-08-2019,100001711,MC,1
06-05-2019,100001712,AL,1
29-08-2019,100001712,AL,1
05-09-2019,100001712,AL,1
06-09-2019,100001712,UL,1
04-06-2019,100001713,AL,1
07-06-2019,100001713,AL,1
27-07-2019,100001713,AL,1
23-04-2019,100001717,T,1
18-05-2019,100001717,AL,1
04-06-2019,100001717,UL,1
05-06-2019,100001717,UL,1
06-06-2019,100001717,UL,1
07-06-2019,100001717,UL,1
15-06-2019,100001717,UL,1
18-06-2019,100001717,MC,1
19-06-2019,100001717,MC,1
21-06-2019,100001717,UL,1
17-08-2019,100001717,UL,1
30-04-2019,100001738,AL,1
07-06-2019,100001738,AL,1
08-06-2019,100001738,AL,1
08-06-2019,100001738,UL,1
21-06-2019,100001738,UL,1
29-06-2019,100001738,MC,1
01-07-2019,100001738,UL,1
22-07-2019,100001738,UL,1
05-08-2019,100001738,UL,1
14-08-2019,100001738,UL,1
26-04-2019,100001746,AL,1
03-05-2019,100001746,AL,1
07-06-2019,100001746,AL,1
08-06-2019,100001746,UL,1
13-06-2019,100001746,UL,1
14-06-2019,100001746,MC,1
22-06-2019,100001746,UL,1
08-07-2019,100001746,UL,1
03-08-2019,100001746,UL,1
12-08-2019,100001746,UL,1
03-06-2019,100001747,AL,1
07-06-2019,100001747,AL,1
04-06-2019,100001748,AL,1
07-06-2019,100001748,AL,1
22-06-2019,100001748,MC,1
24-06-2019,100001748,MC,1
22-06-2019,100001762,MC,1
04-07-2019,100001762,MC,1
15-07-2019,100001762,MC,1
23-07-2019,100001762,MC,1
24-07-2019,100001762,MC,1
26-07-2019,100001762,AL,1
12-08-2019,100001762,UL,1
24-08-2019,100001762,T,1
26-08-2019,100001762,T,1
27-08-2019,100001762,UL,1
04-09-2019,100001762,MC,1
11-04-2019,100001767,UL,1
15-04-2019,100001767,UL,1
23-04-2019,100001767,UL,1
02-05-2019,100001767,UL,1
03-05-2019,100001767,UL,1
07-05-2019,100001767,UL,1
13-05-2019,100001767,UL,1
22-05-2019,100001767,UL,1
24-05-2019,100001767,UL,1
28-05-2019,100001767,UL,1
04-06-2019,100001767,UL,1
10-06-2019,100001767,UL,1
18-06-2019,100001767,UL,1
25-06-2019,100001767,UL,1
09-07-2019,100001767,AL,1
12-07-2019,100001767,AL,1
24-07-2019,100001767,AL,1
25-07-2019,100001767,AL,1
26-07-2019,100001767,UL,1
05-08-2019,100001767,MC,1
06-08-2019,100001767,MC,1
03-06-2019,100001770,UL,1
07-06-2019,100001770,UL,1
01-08-2019,100001770,UL,1
12-08-2019,100001770,UL,1
03-06-2019,100001771,UL,1
07-06-2019,100001771,UL,1
05-08-2019,100001771,UL,1
27-04-2019,100001776,AL,1
30-04-2019,100001778,UL,1
19-06-2019,100001778,MC,1
08-07-2019,100001778,UL,1
05-08-2019,100001778,MC,1
26-04-2019,100001785,UL,1
29-04-2019,100001785,UL,1
08-05-2019,100001785,UL,1
22-05-2019,100001785,UL,1
29-05-2019,100001785,UL,1
07-06-2019,100001785,UL,1
17-06-2019,100001785,UL,1
20-06-2019,100001785,MC,1
27-06-2019,100001785,UL,1
02-07-2019,100001785,UL,1
04-07-2019,100001785,UL,1
09-07-2019,100001785,UL,1
23-07-2019,100001785,UL,1
31-07-2019,100001785,UL,1
03-05-2019,100001786,UL,1
27-05-2019,100001786,UL,1
04-06-2019,100001786,UL,1
07-06-2019,100001786,UL,1
14-06-2019,100001786,UL,1
17-06-2019,100001786,MC,1
09-07-2019,100001786,UL,1
12-07-2019,100001786,UL,1
15-07-2019,100001786,MC,1
04-06-2019,100001792,UL,1
07-06-2019,100001792,UL,1
11-06-2019,100001792,MC,1
15-06-2019,100001792,UL,1
21-06-2019,100001792,UL,1
06-07-2019,100001792,MC,1
21-08-2019,100001792,UL,1
03-06-2019,100001794,UL,1
07-06-2019,100001794,UL,1
10-08-2019,100001794,T,1
12-08-2019,100001794,UL,1
17-08-2019,100001794,MC,1
27-08-2019,100001794,MC,1
15-05-2019,100001796,UL,1
14-06-2019,100001796,AL,1
21-06-2019,100001796,UL,1
24-07-2019,100001796,UL,1
25-07-2019,100001796,UL,1
30-04-2019,100001797,MC,1
02-05-2019,100001797,MC,1
03-05-2019,100001797,UL,1
04-05-2019,100001797,UL,1
27-05-2019,100001797,UL,1
04-06-2019,100001797,UL,1
05-06-2019,100001797,UL,1
06-06-2019,100001797,UL,1
07-06-2019,100001797,UL,1
11-06-2019,100001797,UL,1
21-06-2019,100001797,UL,1
03-07-2019,100001797,UL,1
18-07-2019,100001797,UL,1
26-07-2019,100001797,MC,1
20-04-2019,100001806,UL,1
07-06-2019,100001806,UL,1
30-04-2019,100001807,UL,1
30-05-2019,100001807,UL,1
31-05-2019,100001807,UL,1
03-06-2019,100001807,UL,1
26-06-2019,100001807,MC,1
01-07-2019,100001807,MC,1
19-07-2019,100001807,MC,1
20-07-2019,100001807,MC,1
30-07-2019,100001807,UL,1
09-08-2019,100001807,UL,1
26-08-2019,100001807,UL,1
02-09-2019,100001807,MC,1
18-04-2019,100001809,UL,1
16-05-2019,100001809,UL,1
03-06-2019,100001809,UL,1
07-06-2019,100001809,UL,1
11-06-2019,100001809,UL,1
14-06-2019,100001809,UL,1
28-06-2019,100001809,MC,1
03-07-2019,100001809,MC,1
04-07-2019,100001809,MC,1
08-08-2019,100001809,UL,1
22-04-2019,100001811,UL,1
24-04-2019,100001811,MC,1
20-05-2019,100001811,UL,1
04-06-2019,100001811,UL,1
07-06-2019,100001811,UL,1
25-06-2019,100001811,UL,1
13-07-2019,100001811,UL,1
27-07-2019,100001811,UL,1
17-08-2019,100001811,UL,1
16-04-2019,100001814,UL,1
03-06-2019,100001814,UL,1
07-06-2019,100001814,UL,1
08-07-2019,100001814,UL,1
01-08-2019,100001814,UL,1
20-04-2019,100001819,UL,1
04-05-2019,100001820,UL,1
04-05-2019,100001821,UL,1
31-05-2019,100001821,UL,1
29-06-2019,100001821,UL,1
27-07-2019,100001821,UL,1
04-06-2019,100001829,UL,1
07-06-2019,100001829,UL,1
04-06-2019,100001830,UL,1
07-06-2019,100001830,UL,1
04-06-2019,100001831,UL,1
05-06-2019,100001831,UL,1
06-06-2019,100001831,UL,1
04-07-2019,100001831,MC,1
12-08-2019,100001831,UL,1
03-06-2019,100001833,UL,1
07-06-2019,100001833,UL,1
22-07-2019,100001833,UL,1
12-08-2019,100001833,UL,1
22-08-2019,100001833,MC,1
23-08-2019,100001833,MC,1
24-08-2019,100001833,MC,1
25-08-2019,100001833,MC,1
26-08-2019,100001833,MC,1
27-08-2019,100001833,MC,1
28-08-2019,100001833,MC,1
29-08-2019,100001833,MC,1
30-08-2019,100001833,MC,1
31-08-2019,100001833,MC,1
01-09-2019,100001833,MC,1
02-09-2019,100001833,MC,1
03-09-2019,100001833,MC,1
04-09-2019,100001833,MC,1
05-09-2019,100001833,MC,1
06-09-2019,100001833,MC,1
07-09-2019,100001833,MC,1
08-09-2019,100001833,MC,1
09-09-2019,100001833,MC,1
10-09-2019,100001833,MC,1
11-09-2019,100001833,MC,1
12-09-2019,100001833,MC,1
13-09-2019,100001833,MC,1
14-09-2019,100001833,MC,1
15-09-2019,100001833,MC,1
16-09-2019,100001833,MC,1
17-09-2019,100001833,MC,1
18-09-2019,100001833,MC,1
19-09-2019,100001833,MC,1
20-09-2019,100001833,MC,1
21-09-2019,100001833,MC,1
27-04-2019,100001835,UL,1
04-06-2019,100001835,UL,1
07-06-2019,100001835,UL,1
19-06-2019,100001835,MC,1
22-06-2019,100001835,MC,1
05-08-2019,100001835,UL,1
03-05-2019,100001839,UL,1
07-05-2019,100001839,UL,1
04-06-2019,100001839,UL,1
05-06-2019,100001839,UL,1
06-06-2019,100001839,UL,1
07-06-2019,100001839,UL,1
18-06-2019,100001839,UL,1
22-06-2019,100001839,MC,1
24-06-2019,100001839,UL,1
15-07-2019,100001839,UL,1
27-07-2019,100001839,UL,1
06-08-2019,100001839,UL,1
12-08-2019,100001839,UL,1
20-08-2019,100001839,UL,1
21-08-2019,100001839,UL,1
22-08-2019,100001839,UL,1
07-05-2019,100001840,UL,1
18-05-2019,100001840,UL,1
07-06-2019,100001840,UL,1
20-06-2019,100001840,UL,1
04-07-2019,100001840,UL,1
02-08-2019,100001840,UL,1
10-08-2019,100001840,UL,1
02-09-2019,100001840,UL,1
07-06-2019,100001841,UL,1
26-07-2019,100001841,UL,1
30-08-2019,100001841,UL,1
18-04-2019,100001842,UL,1
07-06-2019,100001842,UL,1
24-06-2019,100001842,MC,1
06-07-2019,100001842,UL,1
07-07-2019,100001842,UL,1
07-06-2019,100001844,UL,1
03-06-2019,100001845,UL,1
07-06-2019,100001845,UL,1
03-08-2019,100001845,UL,1
19-08-2019,100001845,UL,1
27-04-2019,100001847,UL,1
03-06-2019,100001847,UL,1
07-06-2019,100001847,UL,1
20-06-2019,100001847,MC,1
10-08-2019,100001847,UL,1
12-08-2019,100001847,UL,1
04-06-2019,100001851,UL,1
07-06-2019,100001851,UL,1
10-06-2019,100001851,UL,1
05-07-2019,100001851,UL,1
26-07-2019,100001851,UL,1
12-08-2019,100001851,UL,1
30-08-2019,100001851,UL,1
15-05-2019,100001852,UL,1
03-06-2019,100001852,UL,1
07-06-2019,100001852,UL,1
14-06-2019,100001852,UL,1
30-07-2019,100001852,MC,1
08-04-2019,100001853,UL,1
12-04-2019,100001853,UL,1
06-05-2019,100001853,UL,1
27-05-2019,100001853,UL,1
26-06-2019,100001853,UL,1
05-07-2019,100001853,UL,1
30-07-2019,100001853,UL,1
01-08-2019,100001853,UL,1
02-08-2019,100001853,UL,1
23-08-2019,100001853,UL,1
02-09-2019,100001853,UL,1
03-06-2019,100001855,UL,1
07-06-2019,100001855,UL,1
25-06-2019,100001855,MC,1
26-07-2019,100001855,UL,1
30-07-2019,100001855,UL,1
06-08-2019,100001855,UL,1
07-08-2019,100001855,UL,1
12-08-2019,100001855,UL,1
07-06-2019,100001856,UL,1
03-06-2019,100001858,UL,1
07-06-2019,100001858,UL,1
04-06-2019,100001859,UL,1
05-06-2019,100001859,UL,1
06-06-2019,100001859,UL,1
03-07-2019,100001859,MC,1
05-07-2019,100001859,UL,1
19-07-2019,100001859,MC,1
12-08-2019,100001859,UL,1
19-08-2019,100001859,UL,1
20-08-2019,100001859,UL,1
21-08-2019,100001859,UL,1
22-08-2019,100001859,UL,1
07-05-2019,100001862,UL,1
13-05-2019,100001862,UL,1
16-05-2019,100001862,UL,1
01-06-2019,100001862,UL,1
02-06-2019,100001862,UL,1
10-06-2019,100001862,UL,1
17-06-2019,100001862,MC,1
25-06-2019,100001862,MC,1
11-07-2019,100001862,UL,1
18-07-2019,100001862,MC,1
19-07-2019,100001862,MC,1
08-08-2019,100001862,UL,1
23-08-2019,100001862,UL,1
28-08-2019,100001862,UL,1
25-03-2019,100001863,UL,1
07-06-2019,100001863,UL,1
11-06-2019,100001863,MC,1
01-07-2019,100001863,UL,1
26-07-2019,100001863,MC,1
24-05-2019,100001864,UL,1
04-06-2019,100001865,UL,1
05-06-2019,100001865,UL,1
06-06-2019,100001865,UL,1
07-06-2019,100001865,UL,1
12-07-2019,100001865,UL,1
12-08-2019,100001865,UL,1
26-08-2019,100001865,MC,1
04-06-2019,100001867,UL,1
05-06-2019,100001867,UL,1
06-06-2019,100001867,UL,1
24-06-2019,100001867,MC,1
12-08-2019,100001867,UL,1
03-06-2019,100001868,UL,1
04-06-2019,100001868,UL,1
05-06-2019,100001868,UL,1
06-06-2019,100001868,UL,1
07-06-2019,100001868,UL,1
10-06-2019,100001868,UL,1
15-06-2019,100001868,UL,1
01-07-2019,100001868,UL,1
05-07-2019,100001868,UL,1
20-07-2019,100001868,T,1
21-07-2019,100001868,T,1
26-07-2019,100001868,UL,1
08-08-2019,100001868,MC,1
17-08-2019,100001868,UL,1
13-06-2019,100001869,MC,1
17-06-2019,100001869,MC,1
01-07-2019,100001869,UL,1
04-07-2019,100001869,UL,1
11-07-2019,100001869,MC,1
31-07-2019,100001869,UL,1
19-08-2019,100001869,MC,1
20-08-2019,100001869,MC,1
30-05-2019,100001870,UL,1
01-06-2019,100001870,MC,1
04-06-2019,100001870,MC,1
26-06-2019,100001870,UL,1
03-07-2019,100001870,UL,1
11-07-2019,100001870,UL,1
12-07-2019,100001870,UL,1
17-07-2019,100001870,MC,1
26-07-2019,100001870,UL,1
01-08-2019,100001870,UL,1
10-08-2019,100001870,UL,1
08-05-2019,100001872,UL,1
30-05-2019,100001872,UL,1
07-06-2019,100001872,UL,1
20-06-2019,100001872,UL,1
21-06-2019,100001872,UL,1
24-06-2019,100001872,MC,1
12-07-2019,100001872,UL,1
19-07-2019,100001872,UL,1
25-07-2019,100001872,UL,1
30-07-2019,100001872,MC,1
31-07-2019,100001872,MC,1
27-08-2019,100001872,UL,1
07-05-2019,100001873,UL,1
11-06-2019,100001875,UL,1
12-06-2019,100001875,MC,1
02-07-2019,100001875,UL,1
16-07-2019,100001875,UL,1
17-07-2019,100001875,MC,1
09-08-2019,100001875,UL,1
28-05-2019,100001876,MC,1
29-05-2019,100001876,MC,1
31-05-2019,100001876,MC,1
01-06-2019,100001876,MC,1
03-06-2019,100001876,MC,1
04-06-2019,100001876,MC,1
05-06-2019,100001876,MC,1
06-06-2019,100001876,MC,1
07-06-2019,100001876,MC,1
08-06-2019,100001876,MC,1
10-06-2019,100001876,MC,1
11-06-2019,100001876,MC,1
14-06-2019,100001876,MC,1
05-09-2019,100001876,AL,1
31-05-2019,100001877,MC,1
01-06-2019,100001877,MC,1
04-06-2019,100001877,UL,1
14-06-2019,100001877,UL,1
15-06-2019,100001877,UL,1
24-06-2019,100001877,MC,1
25-06-2019,100001877,MC,1
01-07-2019,100001878,UL,1
30-07-2019,100001878,UL,1
27-08-2019,100001878,UL,1
30-08-2019,100001878,UL,1
15-07-2019,100001880,UL,1
16-07-2019,100001880,UL,1
14-08-2019,100001880,MC,1
12-08-2019,100001885,UL,1
20-07-2019,100001886,UL,1
05-07-2019,100001887,UL,1
22-07-2019,100001888,UL,1
27-07-2019,100001888,UL,1
14-08-2019,100001888,MC,1
24-08-2019,100001888,UL,1
24-06-2019,100001889,MC,1
02-07-2019,100001891,MC,1
04-07-2019,100001891,MC,1
05-07-2019,100001891,MC,1
26-07-2019,100001891,UL,1
12-08-2019,100001891,UL,1
02-09-2019,100001891,UL,1
10-07-2019,100001892,UL,1
12-08-2019,100001892,UL,1
15-07-2019,100001894,MC,1
04-07-2019,100001895,UL,1
07-08-2019,100001895,MC,1
12-08-2019,100001895,UL,1
12-08-2019,100001898,UL,1
12-08-2019,100001899,UL,1
03-08-2019,100001900,UL,1
15-07-2019,100001902,UL,1
06-08-2019,100001902,UL,1
12-08-2019,100001902,UL,1
26-08-2019,100001904,MC,1
27-08-2019,100001904,MC,1
12-08-2019,100001907,UL,1
12-08-2019,100001908,UL,1
13-07-2019,100001910,UL,1
08-08-2019,100001913,UL,1
12-08-2019,100001913,UL,1
01-08-2019,100001914,UL,1
12-08-2019,100001914,UL,1
02-09-2019,100001914,UL,1
03-09-2019,100001914,UL,1
27-07-2019,100001915,MC,1
12-08-2019,100001915,UL,1
13-08-2019,100001915,MC,1
12-08-2019,100001916,UL,1
12-08-2019,100001917,UL,1
23-08-2019,100001918,UL,1
28-08-2019,100001920,MC,1
01-08-2019,100001921,UL,1
12-08-2019,100001921,UL,1
01-08-2019,100001922,MC,1
10-08-2019,100001922,UL,1
29-08-2019,100001922,UL,1
09-08-2019,100001924,MC,1
23-04-2019,103000007,AL,1
31-05-2019,103000007,AL,1
03-06-2019,103000007,AL,1
07-06-2019,103000007,AL,1
06-07-2019,103000007,AL,1
02-08-2019,103000007,AL,1
03-08-2019,103000007,MC,1
05-08-2019,103000007,AL,1
06-08-2019,103000007,AL,1
08-08-2019,103000007,UL,1
09-08-2019,103000007,UL,1
17-04-2019,103000016,AL,1
18-04-2019,103000016,AL,1
19-04-2019,103000016,AL,1
20-04-2019,103000016,AL,1
21-04-2019,103000016,AL,1
22-04-2019,103000016,AL,1
23-04-2019,103000016,AL,1
24-04-2019,103000016,AL,1
25-04-2019,103000016,AL,1
26-04-2019,103000016,AL,1
27-04-2019,103000016,AL,1
28-04-2019,103000016,AL,1
04-05-2019,103000016,AL,1
03-06-2019,103000016,AL,1
04-06-2019,103000016,UL,1
07-06-2019,103000016,UL,1
01-07-2019,103000016,UL,1
15-07-2019,103000016,UL,1
06-09-2019,103000016,UL,1
14-05-2019,103000618,UL,1
21-06-2019,103000625,UL,1
22-05-2019,103000626,AL,1
23-05-2019,103000626,AL,1
03-06-2019,103000628,AL,1
07-06-2019,103000628,UL,1
10-06-2019,103000628,UL,1
17-06-2019,103000628,MC,1
21-06-2019,103000628,MC,1
08-07-2019,103000628,UL,1
09-07-2019,103000628,UL,1
10-04-2019,103000629,AL,1
04-06-2019,103000629,AL,1
07-06-2019,103000629,AL,1
15-06-2019,103000629,AL,1
26-04-2019,103000632,AL,1
22-07-2019,103000632,AL,1
20-08-2019,103000632,MC,1
04-06-2019,103000633,UL,1
07-06-2019,103000633,AL,1
11-07-2019,103000633,AL,1
06-09-2019,103000633,AL,1
07-09-2019,103000633,AL,1
07-09-2019,103000633,UL,1
14-05-2019,103000635,AL,1
30-05-2019,103000635,MC,1
27-06-2019,103000635,MC,1
10-07-2019,103000635,MC,1
11-07-2019,103000635,MC,1
12-07-2019,103000635,MC,1
14-07-2019,103000635,MC,1
15-07-2019,103000635,MC,1
16-07-2019,103000635,MC,1
17-07-2019,103000635,MC,1
18-07-2019,103000635,MC,1
19-07-2019,103000635,MC,1
20-07-2019,103000635,MC,1
21-07-2019,103000635,MC,1
22-07-2019,103000635,MC,1
23-07-2019,103000635,MC,1
24-07-2019,103000635,MC,1
25-07-2019,103000635,MC,1
26-07-2019,103000635,MC,1
28-07-2019,103000635,MC,1
29-07-2019,103000635,MC,1
30-07-2019,103000635,MC,1
31-07-2019,103000635,MC,1
01-08-2019,103000635,MC,1
02-08-2019,103000635,MC,1
03-08-2019,103000635,MC,1
04-08-2019,103000635,MC,1
05-08-2019,103000635,MC,1
06-08-2019,103000635,MC,1
07-08-2019,103000635,MC,1
08-08-2019,103000635,MC,1
09-08-2019,103000635,MC,1
24-08-2019,103000635,MC,1
15-06-2019,103000638,UL,1
26-06-2019,103000638,UL,1
18-07-2019,103000638,UL,1
07-05-2019,103000639,MC,1
31-07-2019,103000639,UL,1
31-05-2019,103000640,MC,1
03-08-2019,103000640,AL,1
23-05-2019,103000641,UL,1
10-06-2019,103000641,UL,1
11-05-2019,103000642,UL,1
13-05-2019,103000642,UL,1
23-05-2019,103000642,UL,1
24-05-2019,103000643,UL,1
15-06-2019,103000643,UL,1
21-06-2019,103000643,MC,1
29-05-2019,103000644,UL,1
07-06-2019,103000644,UL,1
03-07-2019,103000645,MC,1
17-07-2019,103000645,MC,1
26-07-2019,103000645,MC,1
27-07-2019,103000645,MC,1
10-08-2019,103000645,MC,1
05-08-2019,103000646,UL,1
28-08-2019,103000646,AL,1
29-08-2019,103000646,UL,1
21-05-2019,113000003,AL,1
23-05-2019,113000003,AL,1
30-05-2019,113000003,AL,1
04-06-2019,113000003,AL,1
14-06-2019,113000003,AL,1
21-06-2019,113000003,AL,1
24-06-2019,113000003,MC,1
27-06-2019,113000003,AL,1
01-07-2019,113000003,G,0.5
02-07-2019,113000003,AL,1
15-07-2019,113000003,AL,1
16-07-2019,113000003,AL,1
17-07-2019,113000003,AL,1
18-07-2019,113000003,AL,1
01-08-2019,113000003,AL,1
05-09-2019,113000003,AL,1
06-09-2019,113000003,AL,1
07-05-2019,113000006,AL,1
20-05-2019,113000006,AL,1
04-06-2019,113000006,AL,1
07-06-2019,113000006,AL,1
12-06-2019,113000006,MC,1
04-07-2019,113000006,AL,1
06-09-2019,113000006,AL,1
10-09-2019,113000006,AL,1
13-05-2019,113000007,AL,1
04-06-2019,113000007,AL,1
07-06-2019,113000007,AL,1
11-07-2019,113000007,MC,1
12-07-2019,113000007,AL,1
16-07-2019,113000007,MC,1
19-07-2019,113000007,AL,1
09-08-2019,113000007,AL,1
13-08-2019,113000007,AL,1
26-08-2019,113000007,MC,1
06-09-2019,113000007,AL,1
03-06-2019,113000008,AL,1
04-06-2019,113000008,AL,1
05-06-2019,113000008,AL,1
06-06-2019,113000008,AL,1
07-06-2019,113000008,AL,1
08-06-2019,113000008,AL,1
09-06-2019,113000008,AL,1
10-06-2019,113000008,AL,1
08-07-2019,113000008,AL,1
12-07-2019,113000008,AL,1
15-07-2019,113000008,AL,1
18-07-2019,113000008,AL,1
12-08-2019,113000008,AL,1
14-06-2019,113000009,AL,1
15-06-2019,113000009,AL,1
16-06-2019,113000009,AL,1
17-06-2019,113000009,AL,1
18-06-2019,113000009,AL,1
19-06-2019,113000009,AL,1
28-06-2019,113000009,MC,1
16-07-2019,113000009,MC,1
02-04-2019,114000130,AL,1
18-04-2019,114000130,AL,1
29-06-2019,114000130,AL,1
01-06-2019,114000192,AL,1
23-07-2019,114000224,AL,1
25-04-2019,114000234,AL,1
04-05-2019,114000241,AL,1
28-05-2019,114000241,AL,1
03-07-2019,114000241,MC,1
04-07-2019,114000241,AL,1
30-07-2019,114000248,MC,1
31-07-2019,114000248,MC,1
20-08-2019,114000248,MC,1
09-07-2019,114000252,AL,1
14-08-2019,114000252,AL,1
24-04-2019,114000255,AL,1
25-05-2019,114000255,AL,1
05-08-2019,114000255,AL,1
02-05-2019,114000256,AL,1
03-06-2019,114000256,AL,1
15-04-2019,114000286,AL,1
12-08-2019,114000286,MC,1
28-08-2019,114000286,MC,1
03-09-2019,114000297,MC,1
11-05-2019,114000300,AL,1
01-04-2019,114000303,AL,1
02-04-2019,114000303,AL,1
03-04-2019,114000303,AL,1
04-04-2019,114000303,AL,1
05-04-2019,114000303,AL,1
06-04-2019,114000303,AL,1
07-04-2019,114000303,AL,1
08-04-2019,114000303,AL,1
09-04-2019,114000303,AL,1
11-04-2019,114000303,UL,1
12-04-2019,114000303,UL,1
13-04-2019,114000303,UL,1
14-04-2019,114000303,UL,1
15-04-2019,114000303,UL,1
16-04-2019,114000303,UL,1
17-04-2019,114000303,UL,1
18-04-2019,114000303,UL,1
19-04-2019,114000303,UL,1
20-04-2019,114000303,UL,1
21-04-2019,114000303,UL,1
22-04-2019,114000303,UL,1
23-04-2019,114000303,UL,1
24-04-2019,114000303,UL,1
25-04-2019,114000303,UL,1
26-04-2019,114000303,UL,1
27-04-2019,114000303,UL,1
28-04-2019,114000303,UL,1
29-04-2019,114000303,UL,1
30-04-2019,114000303,UL,1
01-05-2019,114000303,UL,1
02-05-2019,114000303,UL,1
03-05-2019,114000303,UL,1
04-05-2019,114000303,UL,1
05-05-2019,114000303,UL,1
06-05-2019,114000303,UL,1
07-05-2019,114000303,UL,1
08-05-2019,114000303,UL,1
09-05-2019,114000303,UL,1
10-05-2019,114000303,UL,1
11-05-2019,114000303,UL,1
12-05-2019,114000303,UL,1
13-05-2019,114000303,UL,1
14-05-2019,114000303,UL,1
15-05-2019,114000303,UL,1
16-05-2019,114000303,UL,1
17-05-2019,114000303,UL,1
18-05-2019,114000303,UL,1
19-05-2019,114000303,UL,1
20-05-2019,114000303,UL,1
21-05-2019,114000303,UL,1
22-05-2019,114000303,UL,1
23-05-2019,114000303,UL,1
24-05-2019,114000303,UL,1
25-05-2019,114000303,UL,1
26-05-2019,114000303,UL,1
27-05-2019,114000303,UL,1
28-05-2019,114000303,UL,1
29-05-2019,114000303,UL,1
30-05-2019,114000303,UL,1
31-05-2019,114000303,UL,1
14-06-2019,114000303,MC,1
01-08-2019,114000303,MC,1
23-08-2019,114000303,UL,1
12-07-2019,114000309,MC,1
17-07-2019,114000309,MC,1
18-07-2019,114000309,MC,1
25-07-2019,114000309,MC,1
26-07-2019,114000309,MC,1
27-07-2019,114000309,MC,1
28-07-2019,114000309,MC,1
29-07-2019,114000309,MC,1
30-07-2019,114000309,MC,1
31-07-2019,114000309,MC,1
01-08-2019,114000309,MC,1
02-08-2019,114000309,MC,1
03-08-2019,114000309,MC,1
04-08-2019,114000309,MC,1
06-08-2019,114000309,MC,1
13-08-2019,114000309,MC,1
27-08-2019,114000309,MC,1
10-06-2019,114000321,AL,1
24-08-2019,114000321,MC,1
09-04-2019,114000326,AL,1
18-06-2019,114000327,MC,1
17-07-2019,114000327,AL,1
18-07-2019,114000327,MC,1
19-07-2019,114000327,AL,1
02-04-2019,114000330,AL,1
29-04-2019,114000330,AL,1
14-05-2019,114000330,AL,1
24-06-2019,114000330,AL,1
03-07-2019,114000330,AL,1
15-07-2019,114000330,MC,1
01-08-2019,114000330,MC,1
02-05-2019,114000334,UL,1
03-06-2019,114000334,MC,1
18-06-2019,114000334,MC,1
26-08-2019,114000334,MC,1
27-05-2019,114000350,MC,1
28-05-2019,114000350,AL,1
05-07-2019,114000351,AL,1
01-08-2019,114000351,MC,1
11-08-2019,114000351,MC,1
12-08-2019,114000351,MC,1
13-08-2019,114000351,MC,1
14-08-2019,114000351,MC,1
15-08-2019,114000351,MC,1
17-08-2019,114000351,MC,1
18-08-2019,114000351,MC,1
19-08-2019,114000351,MC,1
20-08-2019,114000351,MC,1
21-08-2019,114000351,MC,1
22-08-2019,114000351,MC,1
23-08-2019,114000351,MC,1
24-08-2019,114000351,MC,1
25-08-2019,114000351,MC,1
26-08-2019,114000351,MC,1
28-08-2019,114000351,MC,1
03-05-2019,114000446,AL,1
23-04-2019,115000007,UL,1
25-04-2019,115000007,UL,1
01-06-2019,115000009,MC,1
17-06-2019,115000009,MC,1
23-04-2019,115000010,UL,1
27-05-2019,115000010,MC,1
28-05-2019,115000010,MC,1
29-05-2019,115000010,MC,1
30-05-2019,115000010,MC,1
08-06-2019,115000013,MC,1
22-06-2019,115000014,MC,1
18-06-2019,115000015,MC,1
08-06-2019,115000024,MC,1
18-06-2019,115000024,MC,1
19-06-2019,115000024,MC,1
29-05-2019,115000027,MC,1
01-08-2019,115000028,MC,1
06-07-2019,115000029,MC,1
17-07-2019,115000029,MC,1
26-07-2019,115000029,MC,1
07-08-2019,115000029,MC,1
28-08-2019,115000029,MC,1
29-08-2019,115000029,MC,1
19-04-2019,115000030,UL,1
14-06-2019,115000030,UL,1
15-06-2019,115000032,MC,1
18-06-2019,115000032,MC,1
20-06-2019,115000032,MC,1
22-06-2019,115000032,MC,1
30-08-2019,115000032,MC,1
19-06-2019,115000033,MC,1
21-06-2019,115000033,MC,1
22-06-2019,115000033,MC,1
12-06-2019,115000035,MC,1
19-06-2019,115000035,MC,1
14-06-2019,115000036,UL,1
19-06-2019,115000037,MC,1
21-06-2019,115000037,MC,1
24-06-2019,115000037,MC,1
31-05-2019,115000039,MC,1
04-07-2019,115000039,MC,1
13-08-2019,115000046,MC,1
12-08-2019,115000048,MC,1
16-08-2019,115000050,MC,1
28-03-2019,200000003,AL,1
30-04-2019,200000003,AL,1
25-05-2019,200000003,AL,1
04-06-2019,200000003,AL,1
05-06-2019,200000003,AL,1
06-06-2019,200000003,AL,1
07-06-2019,200000003,AL,1
28-06-2019,200000003,UL,1
13-07-2019,200000003,AL,1
12-08-2019,200000003,AL,1
04-06-2019,200000008,AL,1
08-06-2019,200000008,AL,1
12-08-2019,200000008,AL,1
10-03-2019,200000009,AL,1
11-03-2019,200000009,AL,1
12-03-2019,200000009,AL,1
13-03-2019,200000009,AL,1
30-03-2019,200000009,AL,1
17-04-2019,200000009,AL,1
31-05-2019,200000009,MC,1
04-06-2019,200000009,AL,1
05-06-2019,200000009,AL,1
06-06-2019,200000009,AL,1
07-06-2019,200000009,AL,1
17-06-2019,200000009,AL,1
03-07-2019,200000009,AL,1
10-07-2019,200000009,AL,1
14-08-2019,200000009,MC,1
17-08-2019,200000009,UL,1
12-04-2019,200000022,AL,1
27-04-2019,200000022,AL,1
12-05-2019,200000022,AL,1
12-06-2019,200000022,MC,1
27-06-2019,200000022,AL,1
03-07-2019,200000022,MC,1
08-07-2019,200000022,AL,1
10-08-2019,200000022,AL,1
22-08-2019,200000022,AL,1
08-05-2019,200000033,AL,1
18-05-2019,200000033,AL,1
25-05-2019,200000033,AL,1
10-06-2019,200000033,AL,1
19-06-2019,200000033,UL,1
27-07-2019,200000033,AL,1
02-09-2019,200000033,MC,1
08-04-2019,200000037,AL,1
06-05-2019,200000037,AL,1
03-06-2019,200000037,AL,1
07-06-2019,200000037,AL,1
18-06-2019,200000037,AL,1
16-04-2019,200000041,AL,1
20-05-2019,200000041,AL,1
07-06-2019,200000041,AL,1
12-06-2019,200000041,MC,1
08-07-2019,200000041,AL,1
10-07-2019,200000041,AL,1
09-08-2019,200000041,AL,1
09-08-2019,200000041,UL,1
10-08-2019,200000041,UL,1
26-08-2019,200000041,UL,1
19-04-2019,200000048,AL,1
02-05-2019,200000048,AL,1
26-06-2019,200000048,AL,1
15-07-2019,200000048,AL,1
25-07-2019,200000048,MC,1
21-08-2019,200000048,AL,1
08-04-2019,200000049,AL,1
09-04-2019,200000049,AL,1
23-05-2019,200000049,MC,1
26-07-2019,200000049,AL,1
09-08-2019,200000049,AL,1
10-08-2019,200000049,AL,1
11-08-2019,200000049,AL,1
12-08-2019,200000049,AL,1
13-08-2019,200000049,AL,1
14-08-2019,200000049,AL,1
15-08-2019,200000049,AL,1
16-08-2019,200000049,AL,1
19-08-2019,200000049,UL,1
20-08-2019,200000049,UL,1
21-08-2019,200000049,UL,1
22-08-2019,200000049,UL,1
23-08-2019,200000049,UL,1
04-05-2019,200000050,AL,1
25-05-2019,200000050,MC,1
04-06-2019,200000050,AL,1
05-06-2019,200000050,AL,1
06-06-2019,200000050,AL,1
07-06-2019,200000050,AL,1
28-06-2019,200000050,MC,1
12-08-2019,200000050,AL,1
13-08-2019,200000050,MC,1
09-07-2019,200000053,AL,1
11-07-2019,200000053,UL,1
12-07-2019,200000053,UL,1
04-06-2019,200000059,AL,1
05-06-2019,200000059,AL,1
06-06-2019,200000059,AL,1
07-06-2019,200000059,AL,1
10-08-2019,200000059,AL,1
12-08-2019,200000059,AL,1
04-06-2019,200000062,AL,1
05-06-2019,200000062,AL,1
06-06-2019,200000062,AL,1
07-06-2019,200000062,AL,1
13-06-2019,200000062,AL,1
28-06-2019,200000062,AL,1
06-07-2019,200000062,AL,1
11-07-2019,200000062,AL,1
19-07-2019,200000062,AL,1
12-08-2019,200000062,AL,1
26-03-2019,200000063,AL,1
15-05-2019,200000063,AL,1
24-05-2019,200000063,UL,1
25-05-2019,200000063,UL,1
26-05-2019,200000063,UL,1
27-05-2019,200000063,UL,1
28-05-2019,200000063,UL,1
29-05-2019,200000063,UL,1
30-05-2019,200000063,UL,1
31-05-2019,200000063,UL,1
01-06-2019,200000063,UL,1
02-06-2019,200000063,UL,1
03-06-2019,200000063,UL,1
04-06-2019,200000063,UL,1
05-06-2019,200000063,UL,1
06-06-2019,200000063,UL,1
07-06-2019,200000063,UL,1
08-06-2019,200000063,UL,1
09-06-2019,200000063,UL,1
10-06-2019,200000063,UL,1
11-06-2019,200000063,UL,1
12-06-2019,200000063,UL,1
13-06-2019,200000063,UL,1
14-06-2019,200000063,UL,1
15-06-2019,200000063,UL,1
16-06-2019,200000063,UL,1
17-06-2019,200000063,UL,1
18-06-2019,200000063,UL,1
19-06-2019,200000063,UL,1
20-06-2019,200000063,UL,1
21-06-2019,200000063,UL,1
22-06-2019,200000063,UL,1
23-06-2019,200000063,UL,1
03-07-2019,200000063,UL,1
15-07-2019,200000063,MC,1
16-07-2019,200000063,MC,1
31-07-2019,200000063,UL,1
01-08-2019,200000063,MC,1
07-08-2019,200000063,UL,1
13-08-2019,200000063,MC,1
21-08-2019,200000063,UL,1
02-09-2019,200000063,MC,1
03-09-2019,200000063,MC,1
01-04-2019,200000068,AL,1
09-04-2019,200000068,AL,1
13-04-2019,200000068,AL,1
22-04-2019,200000068,AL,1
21-05-2019,200000068,AL,1
27-05-2019,200000068,MC,1
07-06-2019,200000068,AL,1
10-06-2019,200000068,AL,1
12-06-2019,200000068,AL,1
02-07-2019,200000068,MC,1
22-07-2019,200000068,UL,1
31-07-2019,200000068,UL,1
27-08-2019,200000068,UL,1
17-05-2019,200000069,AL,1
12-06-2019,200000069,AL,1
24-06-2019,200000069,MC,1
26-06-2019,200000069,MC,1
27-06-2019,200000069,MC,1
28-06-2019,200000069,MC,1
29-06-2019,200000069,MC,1
30-06-2019,200000069,MC,1
01-07-2019,200000069,MC,1
03-07-2019,200000069,MC,1
04-07-2019,200000069,MC,1
05-07-2019,200000069,MC,1
06-07-2019,200000069,MC,1
07-07-2019,200000069,MC,1
09-07-2019,200000069,MC,1
10-07-2019,200000069,MC,1
11-07-2019,200000069,MC,1
12-07-2019,200000069,MC,1
13-07-2019,200000069,MC,1
14-07-2019,200000069,MC,1
24-07-2019,200000069,AL,1
26-07-2019,200000069,HL,1
27-07-2019,200000069,MC,1
28-07-2019,200000069,MC,1
29-07-2019,200000069,MC,1
08-08-2019,200000069,AL,1
09-08-2019,200000069,UL,1
26-08-2019,200000069,HL,1
28-08-2019,200000069,MC,1
29-08-2019,200000069,MC,1
30-08-2019,200000069,MC,1
31-08-2019,200000069,MC,1
23-03-2019,200000079,AL,1
07-05-2019,200000079,AL,1
16-05-2019,200000079,AL,1
17-05-2019,200000079,AL,1
31-05-2019,200000079,UL,1
04-06-2019,200000079,UL,1
18-06-2019,200000079,MC,1
02-07-2019,200000079,UL,1
17-07-2019,200000079,UL,1
27-07-2019,200000079,MC,1
31-07-2019,200000079,MC,1
08-08-2019,200000079,MC,1
09-08-2019,200000079,UL,1
26-08-2019,200000079,UL,1
02-09-2019,200000079,UL,1
20-04-2019,200000087,AL,1
23-04-2019,200000087,AL,1
04-05-2019,200000087,AL,1
07-06-2019,200000087,AL,1
08-06-2019,200000087,UL,1
13-06-2019,200000087,UL,1
06-07-2019,200000087,UL,1
09-07-2019,200000087,MC,1
27-07-2019,200000087,UL,1
12-08-2019,200000087,UL,1
26-08-2019,200000087,UL,1
02-09-2019,200000087,MC,1
15-04-2019,200000096,AL,1
04-06-2019,200000096,AL,1
05-06-2019,200000096,AL,1
06-06-2019,200000096,AL,1
07-06-2019,200000096,AL,1
08-07-2019,200000096,MC,1
12-07-2019,200000096,MC,1
16-07-2019,200000096,AL,1
18-07-2019,200000096,MC,1
01-04-2019,200000101,AL,1
04-05-2019,200000101,AL,1
21-05-2019,200000101,AL,1
01-06-2019,200000101,UL,1
07-06-2019,200000101,AL,1
08-06-2019,200000101,UL,1
14-06-2019,200000101,UL,1
28-06-2019,200000101,UL,1
03-07-2019,200000101,UL,1
17-07-2019,200000101,MC,1
20-07-2019,200000101,UL,1
30-07-2019,200000101,UL,1
05-08-2019,200000101,UL,1
09-08-2019,200000101,UL,1
19-08-2019,200000101,MC,1
22-08-2019,200000101,UL,1
28-08-2019,200000101,UL,1
06-04-2019,200000106,AL,1
04-06-2019,200000106,AL,1
05-06-2019,200000106,AL,1
06-06-2019,200000106,AL,1
07-06-2019,200000106,AL,1
29-06-2019,200000106,AL,1
11-07-2019,200000106,MC,1
12-08-2019,200000106,AL,1
18-04-2019,200000126,AL,1
19-04-2019,200000126,AL,1
25-05-2019,200000126,MC,1
01-06-2019,200000126,MC,1
17-06-2019,200000126,MC,1
19-06-2019,200000126,MC,1
26-06-2019,200000126,MC,1
04-07-2019,200000126,AL,1
15-07-2019,200000126,MC,1
22-08-2019,200000126,AL,1
29-08-2019,200000126,MC,1
02-04-2019,200000127,T,1
03-04-2019,200000127,T,1
15-04-2019,200000127,AL,1
16-04-2019,200000127,AL,1
14-05-2019,200000127,UL,1
10-06-2019,200000127,MC,1
25-07-2019,200000127,UL,1
27-07-2019,200000127,UL,1
07-08-2019,200000127,MC,1
09-08-2019,200000127,UL,1
10-08-2019,200000127,UL,1
16-08-2019,200000127,MC,1
28-08-2019,200000127,UL,1
30-08-2019,200000127,UL,1
19-04-2019,200000136,AL,1
04-06-2019,200000136,UL,1
07-06-2019,200000136,AL,1
22-06-2019,200000136,UL,1
29-06-2019,200000136,UL,1
12-08-2019,200000136,UL,1
17-08-2019,200000136,UL,1
30-03-2019,200000145,AL,1
29-04-2019,200000145,AL,1
03-05-2019,200000145,AL,1
09-05-2019,200000145,AL,1
09-05-2019,200000145,UL,1
27-05-2019,200000145,UL,1
01-06-2019,200000145,MC,1
07-06-2019,200000145,UL,1
08-06-2019,200000145,UL,1
18-07-2019,200000145,UL,1
22-08-2019,200000145,UL,1
06-04-2019,200000147,AL,1
19-04-2019,200000147,AL,1
07-06-2019,200000147,UL,1
12-08-2019,200000147,UL,1
22-08-2019,200000147,UL,1
04-06-2019,200000153,AL,1
04-06-2019,200000153,UL,1
07-06-2019,200000153,AL,1
08-06-2019,200000153,UL,1
13-08-2019,200000153,UL,1
27-03-2019,200000154,UL,1
10-05-2019,200000154,UL,1
03-06-2019,200000154,UL,1
12-06-2019,200000154,MC,1
02-07-2019,200000154,AL,1
13-07-2019,200000154,AL,1
19-08-2019,200000154,UL,1
27-08-2019,200000154,MC,1
27-04-2019,200000158,UL,1
03-06-2019,200000158,MC,1
16-07-2019,200000158,MC,1
24-08-2019,200000158,UL,1
07-06-2019,200000159,UL,1
01-04-2019,200000161,UL,1
10-04-2019,200000161,UL,1
08-05-2019,200000161,UL,1
15-05-2019,200000161,UL,1
30-05-2019,200000161,UL,1
13-06-2019,200000161,UL,1
03-07-2019,200000161,UL,1
16-07-2019,200000161,UL,1
26-07-2019,200000161,MC,1
01-08-2019,200000161,UL,1
29-08-2019,200000161,UL,1
27-03-2019,200000163,UL,1
19-04-2019,200000163,UL,1
23-05-2019,200000163,MC,1
24-05-2019,200000163,UL,1
28-05-2019,200000163,UL,1
12-06-2019,200000163,MC,1
13-06-2019,200000163,UL,1
19-06-2019,200000163,UL,1
28-06-2019,200000163,UL,1
02-07-2019,200000163,UL,1
03-07-2019,200000163,T,1
04-07-2019,200000163,UL,1
08-07-2019,200000163,UL,1
16-07-2019,200000163,UL,1
18-07-2019,200000163,MC,1
24-07-2019,200000163,MC,1
31-07-2019,200000163,UL,1
13-08-2019,200000163,UL,1
21-08-2019,200000163,MC,1
01-04-2019,200000164,UL,1
20-04-2019,200000164,UL,1
17-05-2019,200000164,UL,1
28-05-2019,200000164,MC,1
07-06-2019,200000164,UL,1
14-06-2019,200000164,UL,1
27-06-2019,200000164,MC,1
08-07-2019,200000164,UL,1
18-07-2019,200000164,MC,1
26-07-2019,200000164,UL,1
31-07-2019,200000164,UL,1
01-08-2019,200000164,UL,1
26-08-2019,200000164,MC,1
25-03-2019,200000165,UL,1
28-03-2019,200000165,UL,1
12-04-2019,200000165,UL,1
29-05-2019,200000165,UL,1
07-06-2019,200000165,UL,1
19-06-2019,200000165,UL,1
08-07-2019,200000165,MC,1
26-07-2019,200000165,MC,1
31-07-2019,200000165,UL,1
22-08-2019,200000165,MC,1
03-09-2019,200000165,MC,1
16-05-2019,200000167,UL,1
29-05-2019,200000167,MC,1
09-08-2019,200000168,UL,1
13-08-2019,200000168,MC,1
19-08-2019,200000168,MC,1
20-05-2019,213000005,AL,1
31-05-2019,213000005,AL,1
11-06-2019,213000005,MC,1
05-07-2019,213000005,AL,1
19-07-2019,213000005,AL,1
05-08-2019,213000005,AL,1
27-04-2019,300000006,AL,1
14-06-2019,300000006,AL,1
05-08-2019,300000006,AL,1
23-07-2019,300000086,AL,1
13-05-2019,300000260,AL,1
28-05-2019,300000260,AL,1
01-06-2019,300000260,MC,1
12-06-2019,300000260,AL,1
22-06-2019,300000260,AL,1
31-07-2019,300000260,AL,1
09-08-2019,300000260,MC,1
12-08-2019,300000260,MC,1
28-08-2019,300000260,MC,1
10-05-2019,300000309,AL,1
30-05-2019,300000309,AL,1
01-06-2019,300000309,AL,1
02-06-2019,300000309,AL,1
03-06-2019,300000309,AL,1
04-06-2019,300000309,AL,1
05-06-2019,300000309,AL,1
06-06-2019,300000309,AL,1
07-06-2019,300000309,AL,1
11-06-2019,300000309,MC,1
30-07-2019,300000309,AL,1
08-08-2019,300000309,MC,1
22-08-2019,300000309,AL,1
26-08-2019,300000309,AL,1
28-08-2019,300000309,MC,1
30-08-2019,300000309,AL,1
04-09-2019,300000309,UL,1
31-07-2019,300000327,AL,1
03-05-2019,300000365,AL,1
01-06-2019,300000365,AL,1
14-06-2019,300000365,AL,1
17-06-2019,300000365,AL,1
19-06-2019,300000365,AL,1
26-06-2019,300000365,AL,1
14-08-2019,300000365,MC,1
13-05-2019,300000378,UL,1
17-06-2019,300000378,UL,1
20-07-2019,300000378,UL,1
22-07-2019,300000378,UL,1
05-08-2019,300000378,UL,1
11-05-2019,300000390,AL,1
07-06-2019,300000390,AL,1
10-06-2019,300000390,AL,1
11-06-2019,300000390,AL,1
19-07-2019,300000390,MC,1
20-07-2019,300000390,MC,1
01-08-2019,300000390,UL,1
02-09-2019,300000390,MC,1
15-05-2019,300000395,AL,1
03-06-2019,300000395,UL,1
07-06-2019,300000395,UL,1
10-08-2019,300000395,UL,1
12-08-2019,300000395,UL,1
18-05-2019,300000397,AL,1
14-06-2019,300000397,AL,1
31-07-2019,300000397,AL,1
03-06-2019,300000403,AL,1
04-06-2019,300000403,UL,1
07-06-2019,300000403,UL,1
12-08-2019,300000403,UL,1
03-06-2019,300000407,AL,1
07-06-2019,300000407,AL,1
10-06-2019,300000407,MC,1
06-05-2019,300000412,AL,1
18-06-2019,300000412,MC,1
20-06-2019,300000412,MC,1
03-07-2019,300000412,AL,1
11-07-2019,300000412,AL,1
27-07-2019,300000412,UL,1
30-07-2019,300000412,UL,1
31-07-2019,300000412,MC,1
06-08-2019,300000412,UL,1
03-06-2019,300000417,AL,1
07-06-2019,300000417,AL,1
03-08-2019,300000417,UL,1
22-04-2019,300000420,UL,1
25-05-2019,300000420,UL,1
27-05-2019,300000420,UL,1
07-06-2019,300000420,UL,1
13-06-2019,300000420,MC,1
25-06-2019,300000420,UL,1
02-07-2019,300000420,UL,1
06-07-2019,300000420,UL,1
19-07-2019,300000420,UL,1
16-08-2019,300000420,MC,1
02-09-2019,300000420,UL,1
01-06-2019,300000422,AL,1
15-06-2019,300000422,MC,1
21-06-2019,300000422,MC,1
22-06-2019,300000422,UL,1
29-06-2019,300000422,UL,1
02-08-2019,300000422,UL,1
22-05-2019,300000437,AL,1
03-06-2019,300000437,AL,1
04-06-2019,300000437,UL,1
07-06-2019,300000437,UL,1
26-08-2019,300000437,MC,1
01-06-2019,300000438,AL,1
01-06-2019,300000438,UL,1
03-06-2019,300000438,UL,1
14-06-2019,300000438,UL,1
09-07-2019,300000438,UL,1
14-08-2019,300000438,UL,1
10-09-2019,300000438,UL,1
08-06-2019,300000447,AL,1
14-06-2019,300000447,AL,1
15-06-2019,300000447,AL,1
06-07-2019,300000447,UL,1
07-09-2019,300000447,UL,1
03-06-2019,300000451,AL,1
07-06-2019,300000451,AL,1
19-07-2019,300000451,UL,1
30-08-2019,300000451,UL,1
06-05-2019,300000456,AL,1
03-06-2019,300000456,UL,1
03-06-2019,300000460,AL,1
07-06-2019,300000460,AL,1
03-06-2019,300000468,AL,1
07-06-2019,300000468,AL,1
10-08-2019,300000468,UL,1
12-08-2019,300000468,UL,1
27-04-2019,300000471,MC,1
06-05-2019,300000471,AL,1
03-06-2019,300000471,AL,1
07-06-2019,300000471,AL,1
17-06-2019,300000471,AL,1
18-06-2019,300000471,UL,1
25-06-2019,300000471,UL,1
26-08-2019,300000471,UL,1
22-04-2019,300000472,UL,1
25-04-2019,300000472,UL,1
27-04-2019,300000472,UL,1
30-04-2019,300000472,UL,1
11-05-2019,300000472,UL,1
18-05-2019,300000472,UL,1
21-05-2019,300000472,UL,1
03-06-2019,300000472,UL,1
07-06-2019,300000472,UL,1
10-06-2019,300000472,UL,1
13-06-2019,300000472,UL,1
29-06-2019,300000472,UL,1
01-07-2019,300000472,UL,1
02-07-2019,300000472,UL,1
06-07-2019,300000472,MC,1
09-07-2019,300000472,MC,1
12-07-2019,300000472,UL,1
26-07-2019,300000472,UL,1
27-07-2019,300000472,UL,1
31-07-2019,300000472,UL,1
05-08-2019,300000472,UL,1
09-08-2019,300000472,UL,1
12-08-2019,300000472,UL,1
04-02-2019,300000473,AL,1
01-05-2019,300000473,AL,1
03-06-2019,300000473,AL,1
04-06-2019,300000473,UL,1
07-06-2019,300000473,UL,1
04-07-2019,300000473,UL,1
05-07-2019,300000473,UL,1
12-08-2019,300000473,UL,1
30-04-2019,300000476,MC,1
17-05-2019,300000476,AL,1
29-05-2019,300000476,UL,1
18-06-2019,300000476,UL,1
10-07-2019,300000476,MC,1
19-07-2019,300000476,UL,1
03-06-2019,300000481,AL,1
07-06-2019,300000481,AL,1
12-08-2019,300000481,UL,1
10-05-2019,300000485,UL,1
11-05-2019,300000485,UL,1
12-05-2019,300000485,UL,1
13-05-2019,300000485,UL,1
14-05-2019,300000485,UL,1
28-05-2019,300000485,AL,1
26-02-2019,300000487,AL,1
27-05-2019,300000487,AL,1
27-05-2019,300000487,UL,1
04-06-2019,300000487,UL,1
07-06-2019,300000487,UL,1
10-06-2019,300000487,MC,1
14-06-2019,300000487,UL,1
26-06-2019,300000487,UL,1
27-08-2019,300000487,UL,1
30-08-2019,300000487,UL,1
31-08-2019,300000487,UL,1
03-06-2019,300000492,AL,1
07-06-2019,300000492,AL,1
10-08-2019,300000492,UL,1
12-08-2019,300000492,UL,1
29-04-2019,300000494,AL,1
16-05-2019,300000494,AL,1
03-06-2019,300000494,UL,1
07-06-2019,300000494,UL,1
17-06-2019,300000494,AL,1
20-06-2019,300000494,UL,1
24-06-2019,300000494,UL,1
27-06-2019,300000494,UL,1
04-07-2019,300000494,UL,1
22-07-2019,300000494,UL,1
27-07-2019,300000494,UL,1
03-05-2019,300000507,AL,1
01-06-2019,300000507,UL,1
02-06-2019,300000507,UL,1
03-06-2019,300000507,UL,1
04-06-2019,300000507,UL,1
05-06-2019,300000507,UL,1
06-06-2019,300000507,UL,1
07-06-2019,300000507,UL,1
08-06-2019,300000507,UL,1
09-06-2019,300000507,UL,1
15-07-2019,300000507,UL,1
28-05-2019,300000510,AL,1
28-05-2019,300000510,UL,1
07-06-2019,300000510,UL,1
11-06-2019,300000510,UL,1
15-05-2019,300000512,UL,1
04-06-2019,300000512,AL,1
04-06-2019,300000512,UL,1
07-06-2019,300000512,UL,1
11-06-2019,300000512,UL,1
12-06-2019,300000512,UL,1
24-06-2019,300000512,MC,1
08-07-2019,300000512,UL,1
08-08-2019,300000512,MC,1
09-08-2019,300000512,MC,1
07-06-2019,300000513,UL,1
04-06-2019,300000514,AL,1
04-06-2019,300000514,UL,1
07-06-2019,300000514,AL,1
03-06-2019,300000516,AL,1
07-06-2019,300000516,AL,1
22-06-2019,300000516,UL,1
22-06-2019,300000516,AL,1
01-07-2019,300000516,UL,1
01-08-2019,300000516,UL,1
03-08-2019,300000516,UL,1
03-06-2019,300000518,AL,1
07-06-2019,300000518,AL,1
08-06-2019,300000518,UL,1
22-07-2019,300000518,UL,1
10-08-2019,300000518,UL,1
12-08-2019,300000518,UL,1
27-04-2019,300000519,MC,1
30-04-2019,300000519,UL,1
15-05-2019,300000519,UL,1
18-05-2019,300000519,MC,1
27-05-2019,300000519,MC,1
01-06-2019,300000519,MC,1
03-06-2019,300000519,UL,1
07-06-2019,300000519,UL,1
18-06-2019,300000519,MC,1
25-06-2019,300000519,UL,1
28-06-2019,300000519,MC,1
03-07-2019,300000519,MC,1
06-07-2019,300000519,MC,1
13-07-2019,300000519,G,0.5
15-07-2019,300000519,UL,1
16-07-2019,300000519,UL,1
17-07-2019,300000519,UL,1
18-07-2019,300000519,UL,1
19-07-2019,300000519,UL,1
22-07-2019,300000519,UL,1
23-07-2019,300000519,UL,1
24-07-2019,300000519,UL,1
25-07-2019,300000519,UL,1
26-07-2019,300000519,UL,1
09-08-2019,300000519,MC,1
10-08-2019,300000519,UL,1
12-08-2019,300000519,UL,1
17-08-2019,300000519,MC,1
07-06-2019,300000521,AL,1
08-06-2019,300000521,UL,1
03-06-2019,300000522,AL,1
07-06-2019,300000522,AL,1
08-06-2019,300000522,UL,1
23-04-2019,300000523,MC,1
24-06-2019,300000523,MC,1
28-08-2019,300000523,AL,1
29-08-2019,300000523,AL,1
03-06-2019,300000524,AL,1
07-06-2019,300000524,AL,1
08-06-2019,300000524,UL,1
26-08-2019,300000524,MC,1
25-04-2019,300000526,AL,1
04-06-2019,300000526,UL,1
07-06-2019,300000526,UL,1
08-07-2019,300000526,UL,1
27-08-2019,300000526,MC,1
18-05-2019,300000527,AL,1
03-06-2019,300000527,AL,1
07-06-2019,300000527,UL,1
29-06-2019,300000527,UL,1
05-07-2019,300000527,MC,1
12-08-2019,300000527,UL,1
02-09-2019,300000527,MC,1
13-05-2019,300000529,UL,1
16-05-2019,300000529,UL,1
03-06-2019,300000529,UL,1
07-06-2019,300000529,UL,1
13-06-2019,300000529,MC,1
25-06-2019,300000529,UL,1
27-06-2019,300000529,UL,1
20-07-2019,300000529,MC,1
30-07-2019,300000529,UL,1
31-07-2019,300000529,UL,1
07-08-2019,300000529,MC,1
30-08-2019,300000529,UL,1
04-06-2019,300000531,MC,1
08-06-2019,300000531,MC,1
20-06-2019,300000531,MC,1
01-07-2019,300000531,UL,1
03-07-2019,300000531,UL,1
13-07-2019,300000531,UL,1
26-07-2019,300000531,MC,1
27-07-2019,300000531,UL,1
28-08-2019,300000531,UL,1
02-09-2019,300000531,MC,1
06-05-2019,300000538,UL,1
07-05-2019,300000538,UL,1
01-06-2019,300000538,UL,1
21-06-2019,300000538,UL,1
22-06-2019,300000538,UL,1
25-06-2019,300000538,MC,1
26-06-2019,300000538,MC,1
01-07-2019,300000538,UL,1
08-07-2019,300000538,MC,1
09-07-2019,300000538,UL,1
30-07-2019,300000538,UL,1
01-08-2019,300000538,UL,1
02-09-2019,300000538,UL,1
04-06-2019,300000540,UL,1
07-06-2019,300000540,UL,1
29-06-2019,300000540,UL,1
03-06-2019,300000541,UL,1
07-06-2019,300000541,UL,1
03-06-2019,300000544,UL,1
07-06-2019,300000544,UL,1
28-08-2019,300000544,sc,1
29-08-2019,300000544,sc,1
30-08-2019,300000544,sc,1
31-08-2019,300000544,sc,1
01-09-2019,300000544,sc,1
02-09-2019,300000544,sc,1
03-09-2019,300000544,sc,1
04-09-2019,300000544,sc,1
06-09-2019,300000544,sc,1
07-09-2019,300000544,sc,1
08-09-2019,300000544,sc,1
09-09-2019,300000544,sc,1
10-09-2019,300000544,sc,1
11-09-2019,300000544,sc,1
07-06-2019,300000548,UL,1
31-07-2019,300000548,UL,1
24-08-2019,300000548,UL,1
03-06-2019,300000550,UL,1
04-06-2019,300000550,UL,1
05-06-2019,300000550,UL,1
06-06-2019,300000550,UL,1
07-06-2019,300000550,UL,1
05-08-2019,300000550,UL,1
12-08-2019,300000550,UL,1
02-05-2019,300000552,UL,1
08-05-2019,300000552,UL,1
11-05-2019,300000552,UL,1
24-05-2019,300000552,UL,1
07-06-2019,300000552,UL,1
02-05-2019,300000555,UL,1
18-05-2019,300000555,UL,1
20-05-2019,300000555,UL,1
08-06-2019,300000555,UL,1
18-06-2019,300000555,UL,1
02-09-2019,300000555,UL,1
08-05-2019,300000556,UL,1
09-05-2019,300000556,UL,1
13-05-2019,300000556,UL,1
16-05-2019,300000556,UL,1
03-06-2019,300000556,UL,1
04-06-2019,300000556,UL,1
07-06-2019,300000556,UL,1
10-06-2019,300000556,UL,1
17-06-2019,300000556,MC,1
28-06-2019,300000556,UL,1
01-07-2019,300000556,UL,1
06-07-2019,300000556,UL,1
08-07-2019,300000556,MC,1
10-07-2019,300000556,UL,1
26-08-2019,300000556,UL,1
02-09-2019,300000556,UL,1
03-09-2019,300000556,MC,1
03-06-2019,300000560,UL,1
07-06-2019,300000560,UL,1
06-07-2019,300000560,UL,1
23-07-2019,300000560,UL,1
25-07-2019,300000560,UL,1
12-08-2019,300000560,UL,1
03-06-2019,300000570,UL,1
07-06-2019,300000570,UL,1
08-06-2019,300000572,UL,1
11-06-2019,300000572,UL,1
15-08-2019,300000572,MC,1
15-05-2019,300000576,UL,1
25-06-2019,300000576,UL,1
01-07-2019,300000576,UL,1
15-07-2019,300000576,MC,1
16-07-2019,300000576,MC,1
26-08-2019,300000576,UL,1
04-09-2019,300000576,MC,1
04-06-2019,300000577,UL,1
07-06-2019,300000577,UL,1
03-06-2019,300000578,UL,1
07-06-2019,300000578,UL,1
10-08-2019,300000578,UL,1
12-08-2019,300000578,UL,1
22-04-2019,300000579,UL,1
03-05-2019,300000583,UL,1
03-06-2019,300000583,UL,1
07-06-2019,300000583,UL,1
03-06-2019,300000585,UL,1
07-06-2019,300000585,UL,1
25-05-2019,300000592,MC,1
04-06-2019,300000592,UL,1
07-06-2019,300000592,UL,1
28-06-2019,300000592,UL,1
27-07-2019,300000592,UL,1
27-08-2019,300000592,UL,1
06-05-2019,300000593,UL,1
16-05-2019,300000593,MC,1
04-06-2019,300000593,UL,1
07-06-2019,300000593,UL,1
14-06-2019,300000593,T,1
18-07-2019,300000593,UL,1
24-07-2019,300000593,UL,1
01-08-2019,300000593,UL,1
02-09-2019,300000593,UL,1
23-05-2019,300000595,AL,1
27-05-2019,300000595,MC,1
04-06-2019,300000595,AL,1
07-06-2019,300000595,AL,1
19-06-2019,300000595,MC,1
20-06-2019,300000595,MC,1
22-06-2019,300000595,MC,1
24-06-2019,300000595,MC,1
26-06-2019,300000595,MC,1
10-07-2019,300000595,UL,1
23-08-2019,300000595,MC,1
02-04-2019,300000596,UL,1
04-06-2019,300000596,UL,1
07-06-2019,300000596,UL,1
06-07-2019,300000596,UL,1
06-08-2019,300000596,UL,1
23-05-2019,300000597,UL,1
13-06-2019,300000597,UL,1
26-08-2019,300000597,UL,1
27-08-2019,300000597,UL,1
28-08-2019,300000597,UL,1
29-08-2019,300000597,UL,1
02-05-2019,300000598,UL,1
29-05-2019,300000598,MC,1
31-05-2019,300000598,MC,1
22-06-2019,300000598,UL,1
20-07-2019,300000598,UL,1
27-07-2019,300000598,UL,1
24-08-2019,300000598,UL,1
30-08-2019,300000598,UL,1
06-05-2019,300000599,UL,1
04-06-2019,300000599,UL,1
07-06-2019,300000599,UL,1
11-06-2019,300000599,UL,1
14-06-2019,300000599,MC,1
15-06-2019,300000599,UL,1
21-06-2019,300000599,UL,1
29-06-2019,300000599,UL,1
01-07-2019,300000599,UL,1
21-08-2019,300000599,MC,1
02-09-2019,300000599,UL,1
14-06-2019,300000601,UL,1
31-07-2019,300000601,UL,1
09-08-2019,300000601,UL,1
10-08-2019,300000601,UL,1
11-08-2019,300000601,UL,1
12-08-2019,300000601,UL,1
13-08-2019,300000601,UL,1
14-08-2019,300000601,UL,1
15-08-2019,300000601,UL,1
16-08-2019,300000601,UL,1
28-08-2019,300000601,MC,1
30-08-2019,300000601,UL,1
03-06-2019,300000602,UL,1
07-06-2019,300000602,UL,1
10-08-2019,300000602,UL,1
12-08-2019,300000602,UL,1
30-08-2019,300000602,UL,1
17-06-2019,300000603,MC,1
18-06-2019,300000603,MC,1
22-06-2019,300000603,MC,1
29-06-2019,300000603,MC,1
10-07-2019,300000603,MC,1
12-07-2019,300000603,UL,1
26-07-2019,300000603,MC,1
27-07-2019,300000603,UL,1
24-08-2019,300000603,UL,1
21-05-2019,300000604,UL,1
27-05-2019,300000604,MC,1
24-06-2019,300000604,MC,1
10-07-2019,300000604,UL,1
17-07-2019,300000604,UL,1
02-08-2019,300000604,MC,1
09-08-2019,300000604,UL,1
19-08-2019,300000604,MC,1
22-04-2019,300000605,UL,1
29-04-2019,300000605,UL,1
23-04-2019,300000606,UL,1
30-04-2019,300000606,UL,1
03-06-2019,300000609,UL,1
07-06-2019,300000609,UL,1
08-07-2019,300000610,MC,1
10-07-2019,300000610,MC,1
03-06-2019,300000611,UL,1
04-06-2019,300000611,UL,1
07-06-2019,300000611,UL,1
30-05-2019,300000612,UL,1
27-06-2019,300000612,UL,1
03-07-2019,300000612,UL,1
04-07-2019,300000612,UL,1
08-07-2019,300000612,UL,1
11-07-2019,300000612,UL,1
16-07-2019,300000612,UL,1
19-07-2019,300000612,UL,1
02-08-2019,300000612,UL,1
20-06-2019,300000613,MC,1
04-07-2019,300000613,MC,1
12-08-2019,300000613,UL,1
10-08-2019,300000615,UL,1
12-08-2019,300000616,UL,1
28-08-2019,300000621,UL,1
28-08-2019,300000629,UL,1
14-06-2019,303000002,MC,1
18-06-2019,303000002,AL,1
12-08-2019,303000002,MC,1
07-06-2019,303000004,MC,1
13-06-2019,303000004,UL,1
30-07-2019,303000005,UL,1
22-08-2019,303000005,MC,1
23-08-2019,303000005,MC,1
29-08-2019,303000005,MC,1
20-06-2019,400000001,MC,1
28-06-2019,400000001,AL,1
19-07-2019,400000001,AL,1
04-09-2019,400000001,AL,1
